option,prize,surface,offer name,rooms ,standard,localization_info,localization_name,latitude,longitude,floor_number,rental_cost,form_of_property,extras,garage,availability,year_of_construction,type_of_building,elevator,media,security,building_material,market
1,643 692 zł,"40,74 m²","Centrum, kawalerka w najnowszym apartamentowcu",1,Zapytaj,Nieruchomość znajduje się w zaznaczonym obszarze mapy. Niestety ogłoszeniodawca nie wskazał dokładnego adresu.,"Centrum, Lublin, Lublin",51.24645,22.56845,7/8,Zapytaj,pełna własność,balkon,garaż/miejsce parkingowe,brak informacji,2023,apartamentowiec,tak,internet,system alarmowy,brak informacji,pierwotny
1,1 160 850 zł,"77,39 m²","Centrum, trzypokojowe mieszkanie w apartamentowcu",3,Zapytaj,Nieruchomość znajduje się w zaznaczonym obszarze mapy. Niestety ogłoszeniodawca nie wskazał dokładnego adresu.,"Centrum, Lublin, Lublin",51.24645,22.56845,5/9,Zapytaj,pełna własność,balkon,garaż/miejsce parkingowe,brak informacji,brak informacji,apartamentowiec,tak,brak informacji,brak informacji,brak informacji,pierwotny
1,740 281 zł,"56,51 m²",Wysoki Standard Miejsce Postojowe Bez Pcc!!!,3,do zamieszkania,Współrzędne dokładne,"Konstantynów, Lublin, Lublin",51.24927,22.51521,1/6,500 zł,pełna własność,balkon,garaż/miejsce parkingowe,2023-03-22,2022,blok,tak,brak informacji,brak informacji,pustak,pierwotny
1,647 289 zł,"40,71 m²",2 pokojowy mieszkanie w centrum Lublina,2,Zapytaj,Nieruchomość znajduje się w zaznaczonym obszarze mapy. Niestety ogłoszeniodawca nie wskazał dokładnego adresu.,"Centrum, Lublin, Lublin",51.24645,22.56845,7,Zapytaj,pełna własność,Zapytaj,garaż/miejsce parkingowe,brak informacji,2023,apartamentowiec,tak,brak informacji,system alarmowy,brak informacji,pierwotny
1,497 120 zł,"62,14 m²",Gotowe mieszkanie nad zalewem,3,Zapytaj,Współrzędne dokładne,"Wrotków, Lublin, Lublin",51.19979,22.55047,1/5,Zapytaj,Zapytaj,balkon,Zapytaj,brak informacji,2022,blok,tak,"telewizja kablowa, internet","drzwi / okna antywłamaniowe, domofon / wideofon",inne,pierwotny
1,913 920 zł,"71,4 m²",2 pokojowy Apartament w Centrum.,2,Zapytaj,Nieruchomość znajduje się w zaznaczonym obszarze mapy. Niestety ogłoszeniodawca nie wskazał dokładnego adresu.,"Centrum, Lublin, Lublin",51.24645,22.56845,2,Zapytaj,pełna własność,Zapytaj,garaż/miejsce parkingowe,brak informacji,2023,apartamentowiec,tak,brak informacji,system alarmowy,brak informacji,pierwotny
1,514 512 zł,"63,52 m²","Niwa Park etap II | nowe mieszkanie BS1 01,ogródek",3,do wykończenia,Współrzędne dokładne,"ul. Spacerowa , Puławy, puławski",51.41096,21.986183,parter/3,Zapytaj,Zapytaj,balkon,garaż/miejsce parkingowe,brak informacji,2025,brak informacji,nie,"telewizja kablowa, internet",brak informacji,brak informacji,pierwotny
1,377 524 zł,"38,92 m²",Mieszkanie z ogródkiem Wieniawa Nowa inwestycja!,2,Zapytaj,Współrzędne dokładne,"Lublin, Wieniawa, ul. Lesława Pagi",51.245688,22.529557,parter/8,Zapytaj,Zapytaj,ogródek,garaż/miejsce parkingowe,brak informacji,2023,blok,tak,internet,brak informacji,brak informacji,pierwotny
1,667 155 zł,"84,45 m²",Nowe 4 pokojowe mieszkanie z ogródkiem na Czubach,4,do wykończenia,Współrzędne dokładne,"Czuby, Lublin, Lublin",51.23348,22.5006,parter/4,640 zł,pełna własność,ogródek,garaż/miejsce parkingowe,2023-03-31,2023,blok,tak,brak informacji,domofon / wideofon,inne,pierwotny
1,448 896 zł,"46,76 m²",Nowe 2 pokojowe mieszkanie z balkonem na Czubach,2,do wykończenia,Współrzędne dokładne,"Czuby, Lublin, Lublin",51.23348,22.5006,2/4,380 zł,pełna własność,balkon,garaż/miejsce parkingowe,2023-03-31,2023,blok,tak,brak informacji,domofon / wideofon,inne,pierwotny
1,448 896 zł,"46,76 m²","46,76 m2 - 1 piętro - duży balkon - Czuby.",2,do wykończenia,Współrzędne dokładne,"Czuby, Lublin, Lublin",51.250559,22.570102,1/4,Zapytaj,Zapytaj,Zapytaj,Zapytaj,brak informacji,2023,brak informacji,tak,brak informacji,brak informacji,inne,pierwotny
1,474 696 zł,"65,93 m²",Trzypokojowe mieszkanie w nowo powstającym bloku!,3,do wykończenia,Współrzędne dokładne,"Lublin, Bronowice, ul. Kręta",51.230544,22.576246,1/3,Zapytaj,pełna własność,balkon,garaż/miejsce parkingowe,brak informacji,2023,blok,tak,brak informacji,monitoring / ochrona,brak informacji,pierwotny
1,557 800 zł,"69,73 m²",Lofty Długa 2.0 - Trójpak inwestycyjny,3,Zapytaj,Współrzędne dokładne,"Lublin, Bronowice, ul. Długa",51.23477,22.57779,2/4,Zapytaj,Zapytaj,balkon,garaż/miejsce parkingowe,brak informacji,brak informacji,brak informacji,tak,brak informacji,brak informacji,brak informacji,pierwotny
1,362 124 zł,"43,11 m²",2 pokoje plus oddzielna kuchnia Ponikwoda,2,do wykończenia,Współrzędne dokładne,"Ponikwoda, Lublin, Lublin",51.27741,22.58907,parter/3,Zapytaj,Zapytaj,balkon,garaż/miejsce parkingowe,brak informacji,2023,blok,nie,brak informacji,"drzwi / okna antywłamaniowe, domofon / wideofon",inne,pierwotny
1,618 527 zł,"67,97 m²",Nowe 3 pokojowe mieszkanie z balkonem na Czubach,3,do wykończenia,Współrzędne dokładne,"Czuby, Lublin, Lublin",51.23348,22.5006,2/4,520 zł,pełna własność,balkon,garaż/miejsce parkingowe,2023-03-31,2023,blok,tak,brak informacji,domofon / wideofon,inne,pierwotny
1,670 131 zł,"87,03 m²",Nowe 4 pokojowe mieszkanie z ogródkiem,4,do wykończenia,Współrzędne dokładne,"Czuby, Lublin, Lublin",51.23348,22.5006,parter/4,650 zł,pełna własność,"ogródek, taras",garaż/miejsce parkingowe,2023-03-31,2023,blok,tak,brak informacji,domofon / wideofon,inne,pierwotny
1,459 900 zł,"68,6 m²",Wygodne Mieszkanie w inwestycji Nowe Choiny | 15B,4,do wykończenia,Współrzędne dokładne,"Lublin, Czechów, ul. Choiny",51.27861,22.553398,1/1,Zapytaj,pełna własność,"balkon, ogródek",garaż/miejsce parkingowe,brak informacji,2023,brak informacji,nie,"telewizja kablowa, internet",teren zamknięty,cegła,pierwotny
1,788 184 zł,"64,08 m²",Wygodne Mieszkanie Orkana Residence etap 2 | B2-30,3,do zamieszkania,Nieruchomość znajduje się w zaznaczonym obszarze mapy. Niestety ogłoszeniodawca nie wskazał dokładnego adresu.,"Czuby, Lublin, Lublin",51.234383,22.501625,1,Zapytaj,Zapytaj,balkon,garaż/miejsce parkingowe,brak informacji,2024,brak informacji,tak,"telewizja kablowa, internet","teren zamknięty, domofon / wideofon, monitoring / ochrona",brak informacji,pierwotny
1,324 538 zł,"37,09 m²","Niwa Park etap II | nowe mieszkanie BS1 03,ogródek",1,do wykończenia,Współrzędne dokładne,"ul. Spacerowa , Puławy, puławski",51.41096,21.986183,parter/3,Zapytaj,Zapytaj,balkon,garaż/miejsce parkingowe,brak informacji,2025,brak informacji,nie,"telewizja kablowa, internet",brak informacji,brak informacji,pierwotny
1,637 760 zł,"79,72 m²",Niwa Park etap II | nowe mieszkanie BS2 24,4,do wykończenia,Współrzędne dokładne,"ul. Spacerowa , Puławy, puławski",51.41096,21.986183,2/3,Zapytaj,Zapytaj,ogródek,garaż/miejsce parkingowe,brak informacji,2025,brak informacji,nie,"telewizja kablowa, internet",brak informacji,brak informacji,pierwotny
1,468 684 zł,"49,86 m²",Mieszkanie w inwestycji Wenus Mieszkania | M1,2,do wykończenia,Współrzędne dokładne,"Lublin, Czuby, ul. Jutrzenki",51.229492,22.522003,1/7,Zapytaj,Zapytaj,balkon,garaż/miejsce parkingowe,brak informacji,2023,brak informacji,tak,"telewizja kablowa, internet",brak informacji,brak informacji,pierwotny
1,537 755 zł,"41,05 m²",Mieszkanie Orkana Residence etap 2 | B1-01,2,do zamieszkania,Nieruchomość znajduje się w zaznaczonym obszarze mapy. Niestety ogłoszeniodawca nie wskazał dokładnego adresu.,"Czuby, Lublin, Lublin",51.234383,22.501625,parter,Zapytaj,Zapytaj,ogródek,garaż/miejsce parkingowe,brak informacji,2024,brak informacji,tak,"telewizja kablowa, internet","teren zamknięty, domofon / wideofon, monitoring / ochrona",brak informacji,pierwotny
1,1 382 141 zł,"108,83 m²",Apartament z tarasem Orkana Residence | B3-69,4,do wykończenia,Nieruchomość znajduje się w zaznaczonym obszarze mapy. Niestety ogłoszeniodawca nie wskazał dokładnego adresu.,"Czuby, Lublin, Lublin",51.234383,22.501625,4,Zapytaj,pełna własność,taras,garaż/miejsce parkingowe,brak informacji,2024,apartamentowiec,tak,"telewizja kablowa, internet","teren zamknięty, domofon / wideofon, monitoring / ochrona",brak informacji,pierwotny
1,536 945 zł,"63,17 m²",Nowe mieszkanie z dużą prywatnością.,3,do wykończenia,Współrzędne dokładne,"Ponikwoda, Lublin, Lublin",51.27741,22.58907,3/3,Zapytaj,Zapytaj,balkon,garaż/miejsce parkingowe,brak informacji,2023,blok,nie,brak informacji,"drzwi / okna antywłamaniowe, domofon / wideofon",inne,pierwotny
1,475 896 zł,"60,24 m²",kameralne różne metraże deweloperka,3,do wykończenia,Współrzędne dokładne,"Nałęczów, puławski, lubelskie",51.29638,22.20837,1/1,Zapytaj,pełna własność,"balkon, taras",Zapytaj,brak informacji,2022,dom wolnostojący,nie,brak informacji,brak informacji,inne,pierwotny
1,646 375 zł,"51,71 m²",Atrakcyjne Mieszkanie Orkana Residence | B1-17,2,do zamieszkania,Nieruchomość znajduje się w zaznaczonym obszarze mapy. Niestety ogłoszeniodawca nie wskazał dokładnego adresu.,"Czuby, Lublin, Lublin",51.234383,22.501625,3,Zapytaj,Zapytaj,balkon,garaż/miejsce parkingowe,brak informacji,2024,brak informacji,tak,"telewizja kablowa, internet","teren zamknięty, domofon / wideofon, monitoring / ochrona",brak informacji,pierwotny
1,570 000 zł,"71,95 m²",Koncertowa Dolina | budynek 25| mieszkanie M6,4,do wykończenia,Współrzędne dokładne,"Lublin, Czechów, ul. Koncertowa",51.281013,22.543638,parter/3,Zapytaj,pełna własność,balkon,garaż/miejsce parkingowe,brak informacji,2023,blok,tak,"internet, telefon",domofon / wideofon,brak informacji,pierwotny
1,570 000 zł,"71,95 m²",Koncertowa Dolina | budynek 25| mieszkanie M5,4,do wykończenia,Współrzędne dokładne,"Lublin, Czechów, ul. Koncertowa",51.281013,22.543638,parter/3,Zapytaj,pełna własność,balkon,garaż/miejsce parkingowe,brak informacji,2023,blok,tak,"internet, telefon",domofon / wideofon,brak informacji,pierwotny
1,350 000 zł,"35,1 m²",Koncertowa Dolina | budynek 25| mieszkanie M4,2,do wykończenia,Współrzędne dokładne,"Lublin, Czechów, ul. Koncertowa",51.281013,22.543638,parter/3,Zapytaj,pełna własność,balkon,garaż/miejsce parkingowe,brak informacji,2023,blok,tak,"internet, telefon",domofon / wideofon,brak informacji,pierwotny
1,540 000 zł,"62,47 m²",Koncertowa Dolina | budynek 25| mieszkanie M3,2,do wykończenia,Współrzędne dokładne,"Lublin, Czechów, ul. Koncertowa",51.281013,22.543638,parter/3,Zapytaj,pełna własność,balkon,garaż/miejsce parkingowe,brak informacji,2023,blok,tak,"internet, telefon",domofon / wideofon,brak informacji,pierwotny
1,530 000 zł,"61,7 m²",Koncertowa Dolina | budynek 25| mieszkanie M2,1,do wykończenia,Współrzędne dokładne,"Lublin, Czechów, ul. Koncertowa",51.281013,22.543638,parter/3,Zapytaj,pełna własność,balkon,garaż/miejsce parkingowe,brak informacji,2023,blok,tak,"internet, telefon",domofon / wideofon,brak informacji,pierwotny
1,310 000 zł,"30,85 m²",Koncertowa Dolina | budynek 25| mieszkanie M1,1,do wykończenia,Współrzędne dokładne,"Lublin, Czechów, ul. Koncertowa",51.281013,22.543638,parter/3,Zapytaj,pełna własność,balkon,garaż/miejsce parkingowe,brak informacji,2023,blok,tak,"internet, telefon",domofon / wideofon,brak informacji,pierwotny
1,1 151 194 zł,"122,45 m²",Lokal Usługowy North Park BU2,1,do wykończenia,Współrzędne dokładne,"Lublin, Czechów, ul. Północna",51.257036,22.539034,parter/11,Zapytaj,Zapytaj,Zapytaj,garaż/miejsce parkingowe,brak informacji,2021,brak informacji,tak,"telewizja kablowa, internet",monitoring / ochrona,brak informacji,pierwotny
1,379 900 zł,"48,4 m²",Wygodne Mieszkanie Nowe Choiny | 4A,2,do wykończenia,Współrzędne dokładne,"Lublin, Czechów, ul. Choiny",51.27861,22.553398,parter/1,Zapytaj,pełna własność,"balkon, ogródek",garaż/miejsce parkingowe,2023-06-01,2023,brak informacji,nie,"telewizja kablowa, internet",teren zamknięty,cegła,pierwotny
1,851 508 zł,"68,67 m²",Atrakcyjne Mieszkanie Orkana Residence | B1-10,3,do zamieszkania,Nieruchomość znajduje się w zaznaczonym obszarze mapy. Niestety ogłoszeniodawca nie wskazał dokładnego adresu.,"Czuby, Lublin, Lublin",51.234383,22.501625,2,Zapytaj,Zapytaj,balkon,garaż/miejsce parkingowe,brak informacji,2024,brak informacji,tak,"telewizja kablowa, internet","teren zamknięty, domofon / wideofon, monitoring / ochrona",brak informacji,pierwotny
1,641 746 zł,"79,72 m²",Niwa Park etap II | nowe mieszkanie BS2-32,4,do wykończenia,Współrzędne dokładne,"ul. Spacerowa , Puławy, puławski",51.41096,21.986183,3/3,Zapytaj,Zapytaj,balkon,garaż/miejsce parkingowe,brak informacji,2025,brak informacji,nie,"telewizja kablowa, internet",brak informacji,brak informacji,pierwotny
1,445 005 zł,"51,15 m²",Trzypokojowe mieszkanie w nowo powstającym bloku!,3,do wykończenia,Współrzędne dokładne,"Lublin, Czuby, ul. Jantarowa",51.221572,22.494783,3/3,Zapytaj,pełna własność,balkon,Zapytaj,brak informacji,2023,blok,tak,internet,brak informacji,brak informacji,pierwotny
1,414 440 zł,"39,85 m²",Mieszkanie Bronowice,2,Zapytaj,Współrzędne dokładne,"Bronowice, Lublin, Lublin",51.23587,22.58689,parter/10,Zapytaj,Zapytaj,balkon,Zapytaj,brak informacji,2025,blok,tak,"telewizja kablowa, internet","drzwi / okna antywłamaniowe, domofon / wideofon",inne,pierwotny
1,515 424 zł,"49,56 m²",Mieszkanie Bronowice,2,Zapytaj,Współrzędne dokładne,"Bronowice, Lublin, Lublin",51.23587,22.58689,7/10,Zapytaj,Zapytaj,balkon,Zapytaj,brak informacji,2025,blok,tak,"telewizja kablowa, internet","drzwi / okna antywłamaniowe, domofon / wideofon",inne,pierwotny
1,459 900 zł,"62,1 m²",Nowoczesne Mieszkanie Nowe Choiny | 15A,3,do wykończenia,Współrzędne dokładne,"Lublin, Czechów, ul. Choiny",51.27861,22.553398,parter/1,Zapytaj,pełna własność,"balkon, ogródek",garaż/miejsce parkingowe,brak informacji,2023,brak informacji,nie,"telewizja kablowa, internet",teren zamknięty,cegła,pierwotny
1,622 976 zł,"48,67 m²",Nowoczesne Mieszkanie Orkana Residence | B1-06,3,do zamieszkania,Nieruchomość znajduje się w zaznaczonym obszarze mapy. Niestety ogłoszeniodawca nie wskazał dokładnego adresu.,"Czuby, Lublin, Lublin",51.234383,22.501625,1,Zapytaj,Zapytaj,balkon,garaż/miejsce parkingowe,brak informacji,2024,brak informacji,tak,"telewizja kablowa, internet","teren zamknięty, domofon / wideofon, monitoring / ochrona",brak informacji,pierwotny
1,373 650 zł,47 m²,Blok 2 | Apartament 47 m² | Centrum | Windy,3,do wykończenia,Współrzędne dokładne,"ul. dr. Stefana Żarnowskiego , Chełm, Chełm",51.128284,23.465622,3/3,Zapytaj,pełna własność,"balkon, taras",garaż/miejsce parkingowe,brak informacji,2024,blok,tak,"telewizja kablowa, internet, telefon","drzwi / okna antywłamaniowe, teren zamknięty, domofon / wideofon",silikat,pierwotny
1,408 590 zł,"62,86 m²",Komfortowe Mieszkanie Osiedle Różana | M14,4,do wykończenia,Współrzędne dokładne,"ul. Różana , Hrubieszów, hrubieszowski",50.798786,23.89698,2/3,Zapytaj,Zapytaj,balkon,garaż/miejsce parkingowe,brak informacji,2023,brak informacji,tak,"telewizja kablowa, internet",monitoring / ochrona,brak informacji,pierwotny
1,499 000 zł,"69,79 m²",Lofty Długa 2.0 - 4 pokoje blisko centrum,4,Zapytaj,Współrzędne dokładne,"Lublin, Bronowice, ul. Długa",51.23477,22.57779,2/4,Zapytaj,Zapytaj,balkon,garaż/miejsce parkingowe,brak informacji,brak informacji,brak informacji,tak,brak informacji,brak informacji,brak informacji,pierwotny
1,311 800 zł,"36,7 m²",Lofty Długa 2.0 - 2 pokoje blisko centrum,2,Zapytaj,Współrzędne dokładne,"Lublin, Bronowice, ul. Długa",51.23477,22.57779,2/4,Zapytaj,Zapytaj,Zapytaj,garaż/miejsce parkingowe,brak informacji,brak informacji,brak informacji,tak,brak informacji,brak informacji,brak informacji,pierwotny
1,325 401 zł,"41,19 m²",Ostatnie Wolne mieszkania 2 Pokoje Na Kwiecień,2,Zapytaj,Współrzędne dokładne,"Dziesiąta, Lublin, Lublin",51.217552,22.59001,3/3,69 zł,pełna własność,"balkon, taras",garaż/miejsce parkingowe,brak informacji,2023,apartamentowiec,tak,"telewizja kablowa, internet",domofon / wideofon,beton komórkowy,pierwotny
1,770 430 zł,"63,15 m²",Przytulne Mieszkanie Orkana Residence | B2-22,3,do zamieszkania,Nieruchomość znajduje się w zaznaczonym obszarze mapy. Niestety ogłoszeniodawca nie wskazał dokładnego adresu.,"Czuby, Lublin, Lublin",51.234383,22.501625,parter,Zapytaj,Zapytaj,ogródek,garaż/miejsce parkingowe,brak informacji,2024,brak informacji,tak,"telewizja kablowa, internet","teren zamknięty, domofon / wideofon, monitoring / ochrona",brak informacji,pierwotny
1,518 580 zł,"57,62 m²",Osiedle Jemiołuszki | budynek D | mieszkanie M47,3,do wykończenia,Współrzędne dokładne,"Lublin, Węglinek, ul. Jemiołuszki",51.224564,22.480164,1/6,Zapytaj,pełna własność,balkon,garaż/miejsce parkingowe,brak informacji,2023,blok,tak,"internet, telefon",domofon / wideofon,brak informacji,pierwotny
1,395 000 zł,"44,85 m²",stan deweloperski,2,do wykończenia,Nieruchomość znajduje się w zaznaczonym obszarze mapy. Niestety ogłoszeniodawca nie wskazał dokładnego adresu.,"Węglinek, Lublin, Lublin",51.224501,22.478603,2/6,Zapytaj,pełna własność,balkon,garaż/miejsce parkingowe,brak informacji,2023,blok,nie,"telewizja kablowa, internet, telefon","drzwi / okna antywłamaniowe, domofon / wideofon",brak informacji,pierwotny
1,737 132 zł,"60,92 m²",Orkana Residence etap 2 | B1-19,3,do zamieszkania,Nieruchomość znajduje się w zaznaczonym obszarze mapy. Niestety ogłoszeniodawca nie wskazał dokładnego adresu.,"Czuby, Lublin, Lublin",51.234383,22.501625,4,Zapytaj,Zapytaj,balkon,garaż/miejsce parkingowe,brak informacji,2024,brak informacji,tak,"telewizja kablowa, internet","teren zamknięty, domofon / wideofon, monitoring / ochrona",brak informacji,pierwotny
1,679 296 zł,"53,07 m²",Przestronne Mieszkanie Orkana Residence | B3-55,3,do zamieszkania,Nieruchomość znajduje się w zaznaczonym obszarze mapy. Niestety ogłoszeniodawca nie wskazał dokładnego adresu.,"Czuby, Lublin, Lublin",51.234383,22.501625,1,Zapytaj,Zapytaj,balkon,garaż/miejsce parkingowe,brak informacji,2024,brak informacji,tak,"telewizja kablowa, internet","teren zamknięty, domofon / wideofon, monitoring / ochrona",brak informacji,pierwotny
1,451 801 zł,"33,97 m²",Atrakcyjne Mieszkanie Orkana Residence | B1-04,2,do zamieszkania,Nieruchomość znajduje się w zaznaczonym obszarze mapy. Niestety ogłoszeniodawca nie wskazał dokładnego adresu.,"Czuby, Lublin, Lublin",51.234383,22.501625,parter,Zapytaj,Zapytaj,balkon,garaż/miejsce parkingowe,brak informacji,2024,brak informacji,tak,"telewizja kablowa, internet","teren zamknięty, domofon / wideofon, monitoring / ochrona",brak informacji,pierwotny
1,860 508 zł,"69,96 m²",Trzypokojowe Mieszkanie Orkana Residence | B1-09,3,do zamieszkania,Nieruchomość znajduje się w zaznaczonym obszarze mapy. Niestety ogłoszeniodawca nie wskazał dokładnego adresu.,"Czuby, Lublin, Lublin",51.234383,22.501625,1,Zapytaj,Zapytaj,balkon,garaż/miejsce parkingowe,brak informacji,2024,brak informacji,tak,"telewizja kablowa, internet","teren zamknięty, domofon / wideofon, monitoring / ochrona",brak informacji,pierwotny
1,439 900 zł,"45,5 m²",Nowe 3 pokoje 46m2 z dużym ogrodem i parkingiem,3,do wykończenia,Współrzędne dokładne,"Lublin, Wrotków, ul. Henryka Wolińskiego",51.203775,22.551876,parter/5,350 zł,pełna własność,"ogródek, taras",garaż/miejsce parkingowe,brak informacji,2022,blok,tak,"telewizja kablowa, internet","drzwi / okna antywłamaniowe, teren zamknięty, domofon / wideofon, monitoring / ochrona",pustak,pierwotny
1,437 426 zł,"74,14 m²","Mieszkanie od ręki, nowe, 10 000 zł NA START.",4,Zapytaj,Współrzędne dokładne,"ul. Wisławy Szymborskiej , Chełm, Chełm",51.149089,23.44964,2,Zapytaj,Zapytaj,balkon,garaż/miejsce parkingowe,brak informacji,2020,blok,tak,"telewizja kablowa, internet, telefon",domofon / wideofon,brak informacji,pierwotny
1,379 900 zł,54 m²,Przytulne Mieszkanie w inwestycji Nowe Choiny | 3B,3,do wykończenia,Współrzędne dokładne,"Lublin, Czechów, ul. Choiny",51.27861,22.553398,1/1,Zapytaj,pełna własność,"balkon, ogródek",garaż/miejsce parkingowe,brak informacji,2023,brak informacji,nie,"telewizja kablowa, internet",teren zamknięty,cegła,pierwotny
1,470 850 zł,"54,75 m²","Nowe 3 pokoje 54,75mkw Węglinek",3,do wykończenia,Nieruchomość znajduje się w zaznaczonym obszarze mapy. Niestety ogłoszeniodawca nie wskazał dokładnego adresu.,"Węglinek, Lublin, Lublin",51.21662,22.4788,2/3,Zapytaj,pełna własność,balkon,garaż/miejsce parkingowe,brak informacji,2023,blok,tak,brak informacji,brak informacji,brak informacji,pierwotny
1,227 000 zł,"36,06 m²","Mieszkanie 36,06m2, 2 piętro, Żeromskiego",2,do wykończenia,Współrzędne dokładne,"ul. Stefana Żeromskiego , Biała Podlaska, Biała Podlaska",52.048801,23.134864,2/4,Zapytaj,Zapytaj,Zapytaj,garaż/miejsce parkingowe,brak informacji,2023,blok,tak,brak informacji,brak informacji,brak informacji,pierwotny
1,379 900 zł,54 m²,Nowoczesne Mieszkanie Nowe Choiny | 4B,3,do wykończenia,Współrzędne dokładne,"Lublin, Czechów, ul. Choiny",51.27861,22.553398,1/1,Zapytaj,pełna własność,"balkon, ogródek",garaż/miejsce parkingowe,brak informacji,2023,brak informacji,nie,"telewizja kablowa, internet",teren zamknięty,cegła,pierwotny
1,350 298 zł,"44,91 m²","Gotowe! Świdnik, 2 pokoje, 45m2, parter",2,do wykończenia,Współrzędne dokładne,"Świdnik, świdnicki, lubelskie",51.210603,22.687474,parter/3,Zapytaj,pełna własność,Zapytaj,garaż/miejsce parkingowe,brak informacji,2023,blok,tak,"telewizja kablowa, internet",monitoring / ochrona,pustak,pierwotny
1,429 660 zł,"51,15 m²",3 Pokoje Rynek Pierwotny,3,do wykończenia,Nieruchomość znajduje się w zaznaczonym obszarze mapy. Niestety ogłoszeniodawca nie wskazał dokładnego adresu.,"Czuby, Lublin, Lublin",51.222311,22.492854,1/3,Zapytaj,pełna własność,Zapytaj,Zapytaj,brak informacji,2022,dom wolnostojący,tak,brak informacji,brak informacji,brak informacji,pierwotny
1,436 440 zł,"36,37 m²",Mieszkanie inwestycyjne - dwupak inwestycyjny,2,do zamieszkania,Nieruchomość znajduje się w zaznaczonym obszarze mapy. Niestety ogłoszeniodawca nie wskazał dokładnego adresu.,"Bronowice, Lublin, Lublin",51.228434,22.587257,3/6,Zapytaj,pełna własność,Zapytaj,garaż/miejsce parkingowe,brak informacji,2017,blok,tak,"telewizja kablowa, internet",brak informacji,brak informacji,pierwotny
1,520 000 zł,"56,69 m²",Koncertowa Dolina | budynek 21 | mieszkanie M21,3,do wykończenia,Współrzędne dokładne,"Lublin, Czechów, ul. Koncertowa",51.281013,22.543638,3/3,Zapytaj,pełna własność,balkon,garaż/miejsce parkingowe,brak informacji,2023,blok,tak,"internet, telefon",domofon / wideofon,brak informacji,pierwotny
1,550 000 zł,"69,99 m²",Osiedle Nowy Standard | Wygodne Mieszkanie B10/13,4,do wykończenia,Współrzędne dokładne,"Lublin, Ponikwoda, ul. Dożynkowa",51.278557,22.585031,2/4,Zapytaj,Zapytaj,balkon,garaż/miejsce parkingowe,brak informacji,2021,blok,tak,"telewizja kablowa, internet",brak informacji,brak informacji,pierwotny
1,524 299 zł,"58,91 m²","Nowe! Czechów, 3 pokoje, 59m2, kwiecień",3,do wykończenia,Nieruchomość znajduje się w zaznaczonym obszarze mapy. Niestety ogłoszeniodawca nie wskazał dokładnego adresu.,"Czechów, Lublin, Lublin",51.273912,22.542587,parter/3,Zapytaj,pełna własność,Zapytaj,Zapytaj,brak informacji,2023,blok,tak,"telewizja kablowa, internet",monitoring / ochrona,pustak,pierwotny
1,508 190 zł,"57,1 m²","Nowe! Czechów, 3 pokoje, 57m2, kwiecień",3,do wykończenia,Nieruchomość znajduje się w zaznaczonym obszarze mapy. Niestety ogłoszeniodawca nie wskazał dokładnego adresu.,"Czechów, Lublin, Lublin",51.273912,22.542587,parter/3,Zapytaj,pełna własność,Zapytaj,Zapytaj,brak informacji,2023,blok,tak,"telewizja kablowa, internet",monitoring / ochrona,pustak,pierwotny
1,523 685 zł,"61,61 m²","Nowe! Czechów, 3 pokoje, 62m2, kwiecień",3,do wykończenia,Nieruchomość znajduje się w zaznaczonym obszarze mapy. Niestety ogłoszeniodawca nie wskazał dokładnego adresu.,"Czechów, Lublin, Lublin",51.273912,22.542587,parter/3,Zapytaj,pełna własność,Zapytaj,Zapytaj,brak informacji,2023,blok,tak,"telewizja kablowa, internet",monitoring / ochrona,pustak,pierwotny
1,355 000 zł,"34,76 m²","2 pok. "" Nowa Kręta"" pod klucz",2,Zapytaj,Nieruchomość znajduje się w zaznaczonym obszarze mapy. Niestety ogłoszeniodawca nie wskazał dokładnego adresu.,"Kośminek, Lublin, Lublin",51.229361,22.577559,parter/4,Zapytaj,Zapytaj,Zapytaj,Zapytaj,brak informacji,2023,blok,tak,brak informacji,"system alarmowy, monitoring / ochrona, domofon / wideofon",pustak,pierwotny
1,495 000 zł,"58,4 m²","Tylko U Nas! ul.Jutrzenki - 58,40m2, blok z 2022 r",3,do wykończenia,Współrzędne dokładne,"Lublin, Czuby, ul. Jutrzenki",51.23015,22.51871,parter/6,Zapytaj,pełna własność,balkon,garaż/miejsce parkingowe,brak informacji,2022,blok,tak,"telewizja kablowa, internet","drzwi / okna antywłamaniowe, domofon / wideofon",pustak,pierwotny
1,500 000 zł,"53,64 m²",Koncertowa Dolina | budynek 21 | mieszkanie M19,4,do wykończenia,Współrzędne dokładne,"Lublin, Czechów, ul. Koncertowa",51.281013,22.543638,3/3,Zapytaj,pełna własność,balkon,garaż/miejsce parkingowe,brak informacji,2023,blok,tak,"internet, telefon",domofon / wideofon,brak informacji,pierwotny
1,510 000 zł,"59,24 m²",Osiedle Nowy Standard|Atrakcyjne Mieszkanie B10/12,3,do wykończenia,Współrzędne dokładne,"Lublin, Ponikwoda, ul. Dożynkowa",51.278557,22.585031,1/4,Zapytaj,Zapytaj,balkon,garaż/miejsce parkingowe,brak informacji,2021,blok,tak,"telewizja kablowa, internet",brak informacji,brak informacji,pierwotny
1,340 000 zł,"33,97 m²",Osiedle Nowy Standard | Mieszkanie B10/15,2,do wykończenia,Współrzędne dokładne,"Lublin, Ponikwoda, ul. Dożynkowa",51.278557,22.585031,2/4,Zapytaj,Zapytaj,"ogródek, taras",garaż/miejsce parkingowe,brak informacji,2021,blok,tak,"telewizja kablowa, internet",brak informacji,brak informacji,pierwotny
1,387 376 zł,"44,02 m²","Mieszkanie 2 pokoje, 44,02mkw, Węglinek",2,do wykończenia,Nieruchomość znajduje się w zaznaczonym obszarze mapy. Niestety ogłoszeniodawca nie wskazał dokładnego adresu.,"Węglinek, Lublin, Lublin",51.21662,22.4788,2/3,Zapytaj,pełna własność,balkon,garaż/miejsce parkingowe,brak informacji,2023,blok,tak,brak informacji,brak informacji,brak informacji,pierwotny
1,680 000 zł,"88,27 m²","Gotowe do odbioru 88,27m Ponikwoda bez PCC!",4,do wykończenia,Nieruchomość znajduje się w zaznaczonym obszarze mapy. Niestety ogłoszeniodawca nie wskazał dokładnego adresu.,"Ponikwoda, Lublin, Lublin",51.26966,22.58862,1/1,Zapytaj,pełna własność,balkon,garaż/miejsce parkingowe,brak informacji,2023,szeregowiec,nie,brak informacji,brak informacji,brak informacji,pierwotny
1,295 000 zł,"30,85 m²",Koncertowa Dolina | budynek 23 | mieszkanie M1,1,do wykończenia,Współrzędne dokładne,"Lublin, Czechów, ul. Koncertowa",51.281013,22.543638,parter/3,Zapytaj,pełna własność,taras,garaż/miejsce parkingowe,brak informacji,2023,blok,tak,"internet, telefon",domofon / wideofon,brak informacji,pierwotny
1,547 000 zł,"71,95 m²",Koncertowa Dolina | budynek 21 | mieszkanie M17,4,do wykończenia,Współrzędne dokładne,"Lublin, Czechów, ul. Koncertowa",51.281013,22.543638,2/3,Zapytaj,pełna własność,balkon,garaż/miejsce parkingowe,brak informacji,2023,blok,tak,"internet, telefon",domofon / wideofon,brak informacji,pierwotny
1,370 000 zł,"41,14 m²",Osiedle Nowy Standard | Ustawne Mieszkanie B10/11,2,do wykończenia,Współrzędne dokładne,"Lublin, Ponikwoda, ul. Dożynkowa",51.278557,22.585031,1/4,Zapytaj,Zapytaj,balkon,garaż/miejsce parkingowe,brak informacji,2021,blok,tak,"telewizja kablowa, internet",brak informacji,brak informacji,pierwotny
1,356 744 zł,"46,94 m²",Nowa Kręta | B1 | mieszkanie LM-32,2,do wykończenia,Współrzędne dokładne,"Lublin, Kośminek, ul. Kręta",51.232826,22.57542,2/3,Zapytaj,pełna własność,balkon,garaż/miejsce parkingowe,brak informacji,2023,blok,tak,"internet, telefon","teren zamknięty, domofon / wideofon, monitoring / ochrona",brak informacji,pierwotny
1,569 904 zł,"61,28 m²",Trzy pokoje z dużym słonecznym ogrodem.,3,do wykończenia,Współrzędne dokładne,"Lublin, Węglin, ul. Jantarowa",51.222313,22.492855,parter/8,Zapytaj,pełna własność,ogródek,garaż/miejsce parkingowe,brak informacji,2023,brak informacji,tak,"telewizja kablowa, internet",brak informacji,brak informacji,pierwotny
1,520 000 zł,"62,47 m²",Koncertowa Dolina | budynek 21 | mieszkanie M15,3,do wykończenia,Współrzędne dokładne,"Lublin, Czechów, ul. Koncertowa",51.281013,22.543638,2/3,Zapytaj,pełna własność,balkon,garaż/miejsce parkingowe,brak informacji,2023,blok,tak,"internet, telefon",domofon / wideofon,brak informacji,pierwotny
1,520 000 zł,"62,45 m²",Osiedle Nowy Standard|Atrakcyjne Mieszkanie B10/10,3,do wykończenia,Współrzędne dokładne,"Lublin, Ponikwoda, ul. Dożynkowa",51.278557,22.585031,1/4,Zapytaj,Zapytaj,balkon,garaż/miejsce parkingowe,brak informacji,2021,blok,tak,"telewizja kablowa, internet",brak informacji,brak informacji,pierwotny
1,360 240 zł,"47,4 m²",Nowa Kręta | B1 | mieszkanie LM-08,2,do wykończenia,Współrzędne dokładne,"Lublin, Kośminek, ul. Kręta",51.232826,22.57542,parter/3,Zapytaj,pełna własność,"ogródek, taras",garaż/miejsce parkingowe,brak informacji,2023,blok,tak,"internet, telefon","teren zamknięty, domofon / wideofon, monitoring / ochrona",brak informacji,pierwotny
1,856 000 zł,"108,36 m²","4 pokoje ,ogódek, os. Skowronkowa przy Lesie !!",4,do zamieszkania,Współrzędne dokładne,"Lublin, Sławin, ul. Skowronkowa",51.27567,22.499146,1/2,Zapytaj,pełna własność,Zapytaj,Zapytaj,brak informacji,2023,blok,nie,brak informacji,brak informacji,cegła,pierwotny
1,680 000 zł,"103,6 m²",Mieszkanie z pozwoleniem na uzytkowanie,3,do wykończenia,Współrzędne dokładne,"Lublin, Ponikwoda, ul. Kosynierów",51.28104,22.58213,1/1,Zapytaj,Zapytaj,ogródek,garaż/miejsce parkingowe,brak informacji,2023,szeregowiec,nie,brak informacji,drzwi / okna antywłamaniowe,inne,pierwotny
1,428 194 zł,"49,79 m²",Gotowe mieszkanie nad zalewem,2,Zapytaj,Współrzędne dokładne,"Wrotków, Lublin, Lublin",51.19979,22.55047,3/5,Zapytaj,Zapytaj,balkon,Zapytaj,brak informacji,2022,blok,tak,"telewizja kablowa, internet","drzwi / okna antywłamaniowe, domofon / wideofon",inne,pierwotny
1,909 875 zł,"62,75 m²",Zamieszkaj w apartamentowcu przy Placu Litewskim,2,do wykończenia,Współrzędne dokładne,"Lublin, Śródmieście, ul. 3 Maja",51.248808,22.558043,3/4,Zapytaj,pełna własność,balkon,garaż/miejsce parkingowe,2022-09-01,2022,apartamentowiec,tak,brak informacji,domofon / wideofon,inne,pierwotny
1,248 633 zł,"32,29 m²",Jedno z ostatnich mieszkań o pow. 32 mkw.,2,Zapytaj,Współrzędne dokładne,"Dominów, lubelski, lubelskie",51.16978,22.59335,2/2,100 zł,pełna własność,balkon,garaż/miejsce parkingowe,2023-09-30,2023,blok,tak,telewizja kablowa,"drzwi / okna antywłamaniowe, teren zamknięty, domofon / wideofon",inne,pierwotny
1,547 000 zł,"71,95 m²",Koncertowa Dolina | budynek 21 | mieszkanie M11,4,do wykończenia,Współrzędne dokładne,"Lublin, Czechów, ul. Koncertowa",51.281013,22.543638,1/3,Zapytaj,pełna własność,balkon,garaż/miejsce parkingowe,brak informacji,2023,blok,tak,"internet, telefon",domofon / wideofon,brak informacji,pierwotny
1,340 000 zł,"33,97 m²",Osiedle Nowy Standard| Nowoczesne Mieszkanie B10/9,2,do wykończenia,Współrzędne dokładne,"Lublin, Ponikwoda, ul. Dożynkowa",51.278557,22.585031,1/4,Zapytaj,Zapytaj,balkon,garaż/miejsce parkingowe,brak informacji,2021,blok,tak,"telewizja kablowa, internet",brak informacji,brak informacji,pierwotny
1,"581 116,50 zł","63,51 m²",Nowa Jantarowa etap II | B2-29,4,do wykończenia,Współrzędne dokładne,"Lublin, Węglin, ul. Jantarowa",51.222313,22.492855,3/8,Zapytaj,pełna własność,balkon,garaż/miejsce parkingowe,brak informacji,2023,brak informacji,tak,"telewizja kablowa, internet",brak informacji,brak informacji,pierwotny
1,547 000 zł,"71,95 m²",Koncertowa Dolina | budynek 21 | mieszkanie M6,4,do remontu,Współrzędne dokładne,"Lublin, Czechów, ul. Koncertowa",51.281013,22.543638,parter/3,Zapytaj,pełna własność,taras,garaż/miejsce parkingowe,brak informacji,2023,blok,tak,"internet, telefon",domofon / wideofon,brak informacji,pierwotny
1,550 000 zł,"69,99 m²",Osiedle Nowy Standard | Nowe Mieszkanie B10/8,4,do wykończenia,Współrzędne dokładne,"Lublin, Ponikwoda, ul. Dożynkowa",51.278557,22.585031,1/4,Zapytaj,Zapytaj,balkon,garaż/miejsce parkingowe,brak informacji,2021,blok,tak,"telewizja kablowa, internet",brak informacji,brak informacji,pierwotny
1,498 330 zł,"44,1 m²",Mieszkanie inwestycyjne - dwupak inwestycyjny,2,do zamieszkania,Nieruchomość znajduje się w zaznaczonym obszarze mapy. Niestety ogłoszeniodawca nie wskazał dokładnego adresu.,"Bronowice, Lublin, Lublin",51.228434,22.587257,2/6,Zapytaj,pełna własność,Zapytaj,garaż/miejsce parkingowe,brak informacji,2017,blok,tak,"telewizja kablowa, internet",brak informacji,brak informacji,pierwotny
1,520 000 zł,"62,47 m²",Koncertowa Dolina | budynek 21 | mieszkanie M3,3,do wykończenia,Współrzędne dokładne,"Lublin, Czechów, ul. Koncertowa",51.281013,22.543638,parter/3,Zapytaj,pełna własność,taras,garaż/miejsce parkingowe,brak informacji,2023,blok,tak,"internet, telefon",domofon / wideofon,brak informacji,pierwotny
1,550 000 zł,"69,99 m²",Osiedle Nowy Standard | Wygodne Mieszkanie B10/7,4,do wykończenia,Współrzędne dokładne,"Lublin, Ponikwoda, ul. Dożynkowa",51.278557,22.585031,1/4,Zapytaj,Zapytaj,balkon,garaż/miejsce parkingowe,brak informacji,2021,blok,tak,"telewizja kablowa, internet",brak informacji,brak informacji,pierwotny
1,289 298 zł,"36,62 m²",Nowa Kręta | B1 | mieszkanie LM-30,1,do wykończenia,Współrzędne dokładne,"Lublin, Kośminek, ul. Kręta",51.232826,22.57542,2/3,Zapytaj,pełna własność,balkon,garaż/miejsce parkingowe,brak informacji,2023,blok,tak,"internet, telefon","teren zamknięty, domofon / wideofon, monitoring / ochrona",brak informacji,pierwotny
1,660 000 zł,"63,57 m²","Mieszkanie 63,57m2 -osiedle Botanik",3,do wykończenia,Współrzędne dokładne,"Lublin, Botanik, ul. Altanowa",51.265655,22.522702,3,550 zł,pełna własność,balkon,garaż/miejsce parkingowe,brak informacji,2021,blok,tak,"telewizja kablowa, internet",domofon / wideofon,pustak,pierwotny
1,557 800 zł,"69,73 m²",Trójpak kawalerek - 20/80 - Lofty Długa 2.0,3,do wykończenia,Współrzędne dokładne,"Lublin, Bronowice, ul. Długa",51.2348,22.57758,1/4,Zapytaj,pełna własność,ogródek,garaż/miejsce parkingowe,brak informacji,brak informacji,blok,tak,brak informacji,brak informacji,brak informacji,pierwotny
1,556 700 zł,"65,49 m²",Trójpak kawalerek - 20/80 - Lofty Długa 2.0,3,do wykończenia,Współrzędne dokładne,"Lublin, Bronowice, ul. Długa",51.2348,22.57758,parter/4,Zapytaj,pełna własność,ogródek,garaż/miejsce parkingowe,brak informacji,brak informacji,blok,tak,brak informacji,brak informacji,brak informacji,pierwotny
1,370 000 zł,"41,14 m²",Osiedle Nowy Standard | Przytulne Mieszkanie B9/23,2,do wykończenia,Współrzędne dokładne,"Lublin, Ponikwoda, ul. Dożynkowa",51.278557,22.585031,3/4,Zapytaj,Zapytaj,balkon,garaż/miejsce parkingowe,brak informacji,2021,blok,tak,"telewizja kablowa, internet",brak informacji,brak informacji,pierwotny
1,379 900 zł,54 m²,Wygodne Mieszkanie w inwestycji Nowe Choiny | 14B,3,do wykończenia,Współrzędne dokładne,"Lublin, Czechów, ul. Choiny",51.27861,22.553398,1/1,Zapytaj,pełna własność,"balkon, ogródek",garaż/miejsce parkingowe,2024-06-30,2024,brak informacji,nie,"telewizja kablowa, internet",teren zamknięty,cegła,pierwotny
1,642 708 zł,"59,51 m²",Mieszkanie /inwestycyja pod wynajem /3 apartamenty,4,do zamieszkania,Nieruchomość znajduje się w zaznaczonym obszarze mapy. Niestety ogłoszeniodawca nie wskazał dokładnego adresu.,"Bronowice, Lublin, Lublin",51.23579,22.58504,4/6,400 zł,pełna własność,Zapytaj,garaż/miejsce parkingowe,brak informacji,2017,apartamentowiec,tak,"telewizja kablowa, internet","drzwi / okna antywłamaniowe, teren zamknięty, domofon / wideofon",pustak,pierwotny
1,510 000 zł,"61,7 m²",Koncertowa Dolina | budynek 21 | mieszkanie M2,2,do wykończenia,Współrzędne dokładne,"Lublin, Czechów, ul. Koncertowa",51.281013,22.543638,parter/3,Zapytaj,pełna własność,taras,garaż/miejsce parkingowe,brak informacji,2023,blok,tak,"internet, telefon",domofon / wideofon,brak informacji,pierwotny
1,455 000 zł,"49,39 m²",Osiedle Nowy Standard|Dwupokojowe Mieszkanie B10/6,2,do wykończenia,Współrzędne dokładne,"Lublin, Ponikwoda, ul. Dożynkowa",51.278557,22.585031,parter/4,Zapytaj,Zapytaj,"ogródek, taras",garaż/miejsce parkingowe,brak informacji,2021,blok,tak,"telewizja kablowa, internet",brak informacji,brak informacji,pierwotny
1,289 298 zł,"36,62 m²",Nowa Kręta | B1 | mieszkanie LM-29,1,do wykończenia,Współrzędne dokładne,"Lublin, Kośminek, ul. Kręta",51.232826,22.57542,2/3,Zapytaj,pełna własność,balkon,garaż/miejsce parkingowe,brak informacji,2023,blok,tak,"internet, telefon","teren zamknięty, domofon / wideofon, monitoring / ochrona",brak informacji,pierwotny
1,309 960 zł,"37,8 m²",Blok 2 Apartament 38 m² | Centrum 2 pokoje | Windy,2,do wykończenia,Współrzędne dokładne,"ul. dr. Stefana Żarnowskiego , Chełm, Chełm",51.128284,23.465622,parter/3,Zapytaj,pełna własność,balkon,garaż/miejsce parkingowe,brak informacji,2024,blok,tak,"telewizja kablowa, internet, telefon","drzwi / okna antywłamaniowe, teren zamknięty, domofon / wideofon",silikat,pierwotny
1,450 765 zł,"55,65 m²",2/3 pokojowe mieszkanie Węglinek I kw 2023,2,Zapytaj,Nieruchomość znajduje się w zaznaczonym obszarze mapy. Niestety ogłoszeniodawca nie wskazał dokładnego adresu.,"Węglinek, Lublin, Lublin",51.21662,22.4788,3/6,Zapytaj,pełna własność,balkon,garaż/miejsce parkingowe,brak informacji,2023,blok,tak,"telewizja kablowa, internet, telefon",monitoring / ochrona,brak informacji,pierwotny
1,475 125 zł,"63,35 m²",Gotowe mieszkania Świdnik,3,Zapytaj,Współrzędne dokładne,"Świdnik, świdnicki, lubelskie",51.20925,22.68723,2/4,Zapytaj,Zapytaj,balkon,Zapytaj,brak informacji,2022,blok,tak,"telewizja kablowa, internet","drzwi / okna antywłamaniowe, domofon / wideofon",inne,pierwotny
1,380 000 zł,"44,95 m²",Koncertowa Dolina | budynek 21 | mieszkanie M14,2,do wykończenia,Współrzędne dokładne,"Lublin, Czechów, ul. Koncertowa",51.281013,22.543638,2/3,Zapytaj,pełna własność,balkon,garaż/miejsce parkingowe,brak informacji,2023,blok,tak,"internet, telefon",domofon / wideofon,brak informacji,pierwotny
1,477 201 zł,"65,37 m²",Nowa Kręta | B1 | mieszkanie LM-27,3,do wykończenia,Współrzędne dokładne,"Lublin, Kośminek, ul. Kręta",51.232826,22.57542,2/3,Zapytaj,pełna własność,balkon,garaż/miejsce parkingowe,brak informacji,2023,blok,tak,"internet, telefon","teren zamknięty, domofon / wideofon, monitoring / ochrona",brak informacji,pierwotny
1,358 400 zł,"44,8 m²",Blok 2 Apartament 45 m² 3 pokoje Centrum Windy,3,do wykończenia,Współrzędne dokładne,"ul. dr. Stefana Żarnowskiego , Chełm, Chełm",51.128284,23.465622,parter/3,Zapytaj,pełna własność,balkon,garaż/miejsce parkingowe,brak informacji,2024,blok,tak,"telewizja kablowa, internet, telefon","drzwi / okna antywłamaniowe, teren zamknięty, domofon / wideofon",silikat,pierwotny
1,299 000 zł,"45,5 m²","3 pokojowe mieszkanie 45,5 m2 w nowym budynku",3,Zapytaj,Nieruchomość znajduje się w zaznaczonym obszarze mapy. Niestety ogłoszeniodawca nie wskazał dokładnego adresu.,"Biłgoraj, biłgorajski, lubelskie",50.53669,22.72358,3,Zapytaj,Zapytaj,Zapytaj,Zapytaj,brak informacji,2022,brak informacji,tak,brak informacji,brak informacji,brak informacji,pierwotny
1,698 610 zł,"63,51 m²",Nowa Jantarowa etap II | B2-33,4,do wykończenia,Współrzędne dokładne,"Lublin, Węglin, ul. Jantarowa",51.222313,22.492855,4/8,Zapytaj,pełna własność,balkon,garaż/miejsce parkingowe,brak informacji,2023,brak informacji,tak,"telewizja kablowa, internet",brak informacji,brak informacji,pierwotny
1,416 580 zł,"63,6 m²","Blok 1 | Apartament 63,6 m² | Centrum | Windy",3,do wykończenia,Współrzędne dokładne,"ul. dr. Stefana Żarnowskiego , Chełm, Chełm",51.128284,23.465622,2/3,Zapytaj,pełna własność,"balkon, ogródek, taras",garaż/miejsce parkingowe,brak informacji,2024,blok,tak,"telewizja kablowa, internet, telefon","drzwi / okna antywłamaniowe, teren zamknięty, domofon / wideofon",silikat,pierwotny
1,313 740 zł,"37,8 m²",Blok 2 | Apartament 38 m² | 2 pokoje Centrum Windy,2,do wykończenia,Współrzędne dokładne,"ul. dr. Stefana Żarnowskiego , Chełm, Chełm",51.128284,23.465622,2/3,Zapytaj,pełna własność,balkon,garaż/miejsce parkingowe,brak informacji,2024,blok,tak,"telewizja kablowa, internet, telefon","drzwi / okna antywłamaniowe, teren zamknięty, domofon / wideofon",silikat,pierwotny
1,368 856 zł,"51,23 m²",3 Pokoje - Nowy Blok - Winda,3,do wykończenia,Współrzędne dokładne,"Dominów, lubelski, lubelskie",51.170218,22.594265,parter/3,Zapytaj,pełna własność,balkon,Zapytaj,brak informacji,2023,brak informacji,tak,brak informacji,domofon / wideofon,brak informacji,pierwotny
1,570 752 zł,"88,86 m²",3 Pokoje - Nowy Blok - Winda,3,do wykończenia,Współrzędne dokładne,"Dominów, lubelski, lubelskie",51.170218,22.594265,1/3,Zapytaj,pełna własność,balkon,Zapytaj,brak informacji,2023,brak informacji,tak,brak informacji,domofon / wideofon,brak informacji,pierwotny
1,329 544 zł,"45,77 m²",2 Pokoje - Nowy Blok - Winda,2,do wykończenia,Współrzędne dokładne,"Dominów, lubelski, lubelskie",51.170218,22.594265,parter/3,Zapytaj,pełna własność,balkon,Zapytaj,brak informacji,2023,brak informacji,tak,brak informacji,domofon / wideofon,brak informacji,pierwotny
1,568 000 zł,"49,85 m²",Nowe mieszkanie w Centrum Prusa Twins | M7,3,do wykończenia,Współrzędne dokładne,"Lublin, Śródmieście, ul. Bolesława Prusa",51.25427,22.562376,2/6,Zapytaj,Zapytaj,balkon,garaż/miejsce parkingowe,2024-03-31,2024,blok,tak,brak informacji,brak informacji,brak informacji,pierwotny
1,492 960 zł,"63,2 m²",Blok 2 Apartament 63 m² Centrum | Windy,4,do wykończenia,Współrzędne dokładne,"ul. dr. Stefana Żarnowskiego , Chełm, Chełm",51.128284,23.465622,2/3,Zapytaj,pełna własność,balkon,garaż/miejsce parkingowe,brak informacji,2024,blok,tak,"telewizja kablowa, internet, telefon","drzwi / okna antywłamaniowe, teren zamknięty, domofon / wideofon",silikat,pierwotny
1,273 735 zł,"34,65 m²",Idealna lokalizacja - Ostatnie wolne kawalerki !,2,Zapytaj,Współrzędne dokładne,"Centrum, Lublin, Lublin",51.234484,22.5817,3/3,49 zł,pełna własność,"balkon, taras",Zapytaj,brak informacji,2023,brak informacji,tak,internet,"system alarmowy, teren zamknięty",brak informacji,pierwotny
1,641 746 zł,"79,72 m²",Niwa Park etap II | nowe mieszkanie BS2 32,4,do wykończenia,Współrzędne dokładne,"ul. Spacerowa , Puławy, puławski",51.41096,21.986183,3/3,Zapytaj,Zapytaj,"balkon, ogródek",garaż/miejsce parkingowe,brak informacji,2025,blok,tak,"telewizja kablowa, internet","drzwi / okna antywłamaniowe, domofon / wideofon",brak informacji,pierwotny
1,398 300 zł,"45,52 m²",Niwa Park etap II | nowe mieszkanie BS2 31 (REZW.),2,do wykończenia,Współrzędne dokładne,"ul. Spacerowa , Puławy, puławski",51.41096,21.986183,3/3,Zapytaj,Zapytaj,ogródek,garaż/miejsce parkingowe,brak informacji,2025,brak informacji,nie,"telewizja kablowa, internet",brak informacji,brak informacji,pierwotny
1,331 956 zł,"37,09 m²",Niwa Park etap II | nowe mieszkanie BS2 30,1,do wykończenia,Współrzędne dokładne,"ul. Spacerowa , Puławy, puławski",51.41096,21.986183,3/3,Zapytaj,Zapytaj,ogródek,garaż/miejsce parkingowe,brak informacji,2025,brak informacji,nie,"telewizja kablowa, internet",brak informacji,brak informacji,pierwotny
1,748 254 zł,"94,12 m²",Niwa Park etap II | nowe mieszkanie BS2 29,4,do wykończenia,Współrzędne dokładne,"ul. Spacerowa , Puławy, puławski",51.41096,21.986183,3/3,Zapytaj,Zapytaj,ogródek,garaż/miejsce parkingowe,brak informacji,2025,brak informacji,nie,"telewizja kablowa, internet",brak informacji,brak informacji,pierwotny
1,748 254 zł,"94,12 m²",Niwa Park etap II | nowe mieszkanie BS2 28,4,do wykończenia,Współrzędne dokładne,"ul. Spacerowa , Puławy, puławski",51.41096,21.986183,3/3,Zapytaj,Zapytaj,ogródek,garaż/miejsce parkingowe,brak informacji,2025,brak informacji,nie,"telewizja kablowa, internet",brak informacji,brak informacji,pierwotny
1,330 101 zł,"37,09 m²",Niwa Park etap II | nowe mieszkanie BS2 27,1,do wykończenia,Współrzędne dokładne,"ul. Spacerowa , Puławy, puławski",51.41096,21.986183,3/3,Zapytaj,Zapytaj,ogródek,garaż/miejsce parkingowe,brak informacji,2025,brak informacji,nie,"telewizja kablowa, internet",brak informacji,brak informacji,pierwotny
1,396 024 zł,"45,52 m²",Niwa Park etap II | nowe mieszkanie BS2 26 (REZW.),2,do wykończenia,Współrzędne dokładne,"ul. Spacerowa , Puławy, puławski",51.41096,21.986183,3/3,Zapytaj,Zapytaj,ogródek,garaż/miejsce parkingowe,brak informacji,2025,brak informacji,nie,"telewizja kablowa, internet",brak informacji,brak informacji,pierwotny
1,635 789 zł,"78,98 m²",Niwa Park etap II | nowe mieszkanie BS2 25,4,do wykończenia,Współrzędne dokładne,"ul. Spacerowa , Puławy, puławski",51.41096,21.986183,3/3,Zapytaj,Zapytaj,ogródek,garaż/miejsce parkingowe,brak informacji,2025,brak informacji,nie,"telewizja kablowa, internet",brak informacji,brak informacji,pierwotny
1,330 101 zł,"37,09 m²",Niwa Park etap II | nowe mieszkanie BS2 22 (REZW.),1,do wykończenia,Współrzędne dokładne,"ul. Spacerowa , Puławy, puławski",51.41096,21.986183,2/3,Zapytaj,Zapytaj,ogródek,garaż/miejsce parkingowe,brak informacji,2025,brak informacji,nie,"telewizja kablowa, internet",brak informacji,brak informacji,pierwotny
1,743 548 zł,"94,12 m²",Niwa Park etap II | nowe mieszkanie BS2 21,4,do wykończenia,Współrzędne dokładne,"ul. Spacerowa , Puławy, puławski",51.41096,21.986183,2/3,Zapytaj,Zapytaj,ogródek,garaż/miejsce parkingowe,brak informacji,2025,brak informacji,nie,"telewizja kablowa, internet",brak informacji,brak informacji,pierwotny
1,743 548 zł,"94,12 m²",Niwa Park etap II | nowe mieszkanie BS2 20,4,do wykończenia,Współrzędne dokładne,"ul. Spacerowa , Puławy, puławski",51.41096,21.986183,2/3,Zapytaj,Zapytaj,ogródek,garaż/miejsce parkingowe,brak informacji,2025,brak informacji,nie,"telewizja kablowa, internet",brak informacji,brak informacji,pierwotny
1,328 247 zł,"37,09 m²",Niwa Park etap II | nowe mieszkanie BS2 19,1,do wykończenia,Współrzędne dokładne,"ul. Spacerowa , Puławy, puławski",51.41096,21.986183,2/3,Zapytaj,Zapytaj,ogródek,garaż/miejsce parkingowe,brak informacji,2025,brak informacji,nie,"telewizja kablowa, internet",brak informacji,brak informacji,pierwotny
1,393 748 zł,"45,52 m²",Niwa Park etap II | nowe mieszkanie BS2 18 (REZW.),2,do wykończenia,Współrzędne dokładne,"ul. Spacerowa , Puławy, puławski",51.41096,21.986183,2/3,Zapytaj,Zapytaj,ogródek,garaż/miejsce parkingowe,brak informacji,2025,brak informacji,nie,"telewizja kablowa, internet",brak informacji,brak informacji,pierwotny
1,631 840 zł,"78,98 m²",Niwa Park etap II | nowe mieszkanie BS2 17,4,do wykończenia,Współrzędne dokładne,"ul. Spacerowa , Puławy, puławski",51.41096,21.986183,2/3,Zapytaj,Zapytaj,ogródek,garaż/miejsce parkingowe,brak informacji,2025,brak informacji,nie,"telewizja kablowa, internet",brak informacji,brak informacji,pierwotny
1,633 774 zł,"79,72 m²",Niwa Park etap II | nowe mieszkanie BS2 16,4,do wykończenia,Współrzędne dokładne,"ul. Spacerowa , Puławy, puławski",51.41096,21.986183,1/3,Zapytaj,Zapytaj,ogródek,garaż/miejsce parkingowe,brak informacji,2025,brak informacji,nie,"telewizja kablowa, internet",brak informacji,brak informacji,pierwotny
1,328 247 zł,"37,09 m²",Niwa Park etap II | nowe mieszkanie BS2 14,1,do wykończenia,Współrzędne dokładne,"ul. Spacerowa , Puławy, puławski",51.41096,21.986183,1/3,Zapytaj,Zapytaj,ogródek,garaż/miejsce parkingowe,brak informacji,2025,brak informacji,nie,"telewizja kablowa, internet",brak informacji,brak informacji,pierwotny
1,738 842 zł,"94,12 m²",Niwa Park etap II | nowe mieszkanie BS2 13,4,do wykończenia,Współrzędne dokładne,"ul. Spacerowa , Puławy, puławski",51.41096,21.986183,1/3,Zapytaj,Zapytaj,ogródek,garaż/miejsce parkingowe,brak informacji,2025,brak informacji,nie,"telewizja kablowa, internet",brak informacji,brak informacji,pierwotny
1,738 842 zł,"94,12 m²",Niwa Park etap II | nowe mieszkanie BS2 12,4,do wykończenia,Współrzędne dokładne,"ul. Spacerowa , Puławy, puławski",51.41096,21.986183,1/3,Zapytaj,Zapytaj,ogródek,garaż/miejsce parkingowe,brak informacji,2025,brak informacji,nie,"telewizja kablowa, internet",brak informacji,brak informacji,pierwotny
1,326 392 zł,"37,09 m²",Niwa Park etap II | nowe mieszkanie BS2 11,1,do wykończenia,Współrzędne dokładne,"ul. Spacerowa , Puławy, puławski",51.41096,21.986183,1/3,Zapytaj,Zapytaj,ogródek,garaż/miejsce parkingowe,brak informacji,2025,brak informacji,nie,"telewizja kablowa, internet",brak informacji,brak informacji,pierwotny
1,391 472 zł,"45,52 m²",Niwa Park etap II | nowe mieszkanie BS2 10,2,do wykończenia,Współrzędne dokładne,"ul. Spacerowa , Puławy, puławski",51.41096,21.986183,1/3,Zapytaj,Zapytaj,ogródek,garaż/miejsce parkingowe,brak informacji,2025,brak informacji,nie,"telewizja kablowa, internet",brak informacji,brak informacji,pierwotny
1,627 891 zł,"78,98 m²",Niwa Park etap II | nowe mieszkanie BS2 09,4,do wykończenia,Współrzędne dokładne,"ul. Spacerowa , Puławy, puławski",51.41096,21.986183,1/3,Zapytaj,Zapytaj,ogródek,garaż/miejsce parkingowe,brak informacji,2025,brak informacji,nie,"telewizja kablowa, internet",brak informacji,brak informacji,pierwotny
1,629 788 zł,"79,72 m²",Niwa Park etap II | nowe mieszkanie BS2 08,4,do wykończenia,Współrzędne dokładne,"ul. Spacerowa , Puławy, puławski",51.41096,21.986183,parter/3,Zapytaj,Zapytaj,ogródek,garaż/miejsce parkingowe,brak informacji,2025,brak informacji,nie,"telewizja kablowa, internet",brak informacji,brak informacji,pierwotny
1,391 472 zł,"45,52 m²","Niwa Park etap II | nowe mieszkanie BS2 07,ogródek",2,do wykończenia,Współrzędne dokładne,"ul. Spacerowa , Puławy, puławski",51.41096,21.986183,parter/3,Zapytaj,Zapytaj,ogródek,garaż/miejsce parkingowe,brak informacji,2025,brak informacji,nie,"telewizja kablowa, internet",brak informacji,brak informacji,pierwotny
1,326 392 zł,"37,09 m²",Niwa Park etap II | nowe mieszkanie BS2 06,1,do wykończenia,Współrzędne dokładne,"ul. Spacerowa , Puławy, puławski",51.41096,21.986183,parter/3,Zapytaj,Zapytaj,ogródek,garaż/miejsce parkingowe,brak informacji,2025,brak informacji,nie,"telewizja kablowa, internet",brak informacji,brak informacji,pierwotny
1,734 136 zł,"94,12 m²","Niwa Park etap II | nowe mieszkanie BS2 05,ogródek",4,do wykończenia,Współrzędne dokładne,"ul. Spacerowa , Puławy, puławski",51.41096,21.986183,parter/3,Zapytaj,Zapytaj,ogródek,garaż/miejsce parkingowe,brak informacji,2025,brak informacji,nie,"telewizja kablowa, internet",brak informacji,brak informacji,pierwotny
1,734 136 zł,"94,12 m²",Niwa Park etap II | nowe mieszkanie BS2 04,4,do wykończenia,Współrzędne dokładne,"ul. Spacerowa , Puławy, puławski",51.41096,21.986183,parter/3,Zapytaj,Zapytaj,ogródek,garaż/miejsce parkingowe,brak informacji,2025,brak informacji,nie,"telewizja kablowa, internet",brak informacji,brak informacji,pierwotny
1,324 538 zł,"37,09 m²","Niwa Park etap II | nowe mieszkanie BS2, ogródek",1,do wykończenia,Współrzędne dokładne,"ul. Spacerowa , Puławy, puławski",51.41096,21.986183,parter/3,Zapytaj,Zapytaj,ogródek,garaż/miejsce parkingowe,brak informacji,2025,brak informacji,nie,"telewizja kablowa, internet",brak informacji,brak informacji,pierwotny
1,389 196 zł,"45,52 m²",Niwa Park etap II | nowe mieszkanie BS2 02,2,do wykończenia,Współrzędne dokładne,"ul. Spacerowa , Puławy, puławski",51.41096,21.986183,parter/3,Zapytaj,Zapytaj,ogródek,garaż/miejsce parkingowe,brak informacji,2025,brak informacji,nie,"telewizja kablowa, internet",brak informacji,brak informacji,pierwotny
1,463 968 zł,"57,28 m²","Niwa Park etap II | nowe mieszkanie BS2 01,ogródek",2,do wykończenia,Współrzędne dokładne,"ul. Spacerowa , Puławy, puławski",51.41096,21.986183,parter/3,Zapytaj,Zapytaj,ogródek,garaż/miejsce parkingowe,brak informacji,2025,brak informacji,nie,"telewizja kablowa, internet",brak informacji,brak informacji,pierwotny
1,398 300 zł,"45,52 m²",Niwa Park etap II | nowe mieszkanie BS1 31,2,do wykończenia,Współrzędne dokładne,"ul. Spacerowa , Puławy, puławski",51.41096,21.986183,3/3,Zapytaj,Zapytaj,balkon,garaż/miejsce parkingowe,brak informacji,2025,brak informacji,nie,"telewizja kablowa, internet",brak informacji,brak informacji,pierwotny
1,331 956 zł,"37,09 m²",Niwa Park etap II | nowe mieszkanie BS1 30 (REZW.),1,do wykończenia,Współrzędne dokładne,"ul. Spacerowa , Puławy, puławski",51.41096,21.986183,3/3,Zapytaj,Zapytaj,balkon,garaż/miejsce parkingowe,brak informacji,2025,brak informacji,nie,"telewizja kablowa, internet",brak informacji,brak informacji,pierwotny
1,748 254 zł,"94,12 m²",Niwa Park etap II | nowe mieszkanie BS1 29,4,do wykończenia,Współrzędne dokładne,"ul. Spacerowa , Puławy, puławski",51.41096,21.986183,3/3,Zapytaj,Zapytaj,balkon,garaż/miejsce parkingowe,brak informacji,2025,brak informacji,nie,"telewizja kablowa, internet",brak informacji,brak informacji,pierwotny
1,748 254 zł,"94,12 m²",Niwa Park etap II | nowe mieszkanie BS1 28,4,do wykończenia,Współrzędne dokładne,"ul. Spacerowa , Puławy, puławski",51.41096,21.986183,3/3,Zapytaj,Zapytaj,balkon,garaż/miejsce parkingowe,brak informacji,2025,brak informacji,nie,"telewizja kablowa, internet",brak informacji,brak informacji,pierwotny
1,330 101 zł,"37,09 m²",Niwa Park etap II | nowe mieszkanie BS1 27,1,do wykończenia,Współrzędne dokładne,"ul. Spacerowa , Puławy, puławski",51.41096,21.986183,3/3,Zapytaj,Zapytaj,balkon,garaż/miejsce parkingowe,brak informacji,2025,brak informacji,nie,"telewizja kablowa, internet",brak informacji,brak informacji,pierwotny
1,524 040 zł,"63,52 m²",Niwa Park etap II | nowe mieszkanie BS1 25,3,do wykończenia,Współrzędne dokładne,"ul. Spacerowa , Puławy, puławski",51.41096,21.986183,3/3,Zapytaj,Zapytaj,balkon,garaż/miejsce parkingowe,brak informacji,2025,brak informacji,nie,"telewizja kablowa, internet",brak informacji,brak informacji,pierwotny
1,631 840 zł,"78,98 m²",Niwa Park etap II | nowe mieszkanie BS1 24,4,do wykończenia,Współrzędne dokładne,"ul. Spacerowa , Puławy, puławski",51.41096,21.986183,2/3,Zapytaj,Zapytaj,balkon,garaż/miejsce parkingowe,brak informacji,2025,brak informacji,nie,"telewizja kablowa, internet",brak informacji,brak informacji,pierwotny
1,396 024 zł,"45,52 m²",Niwa Park etap II | nowe mieszkanie BS1 23,2,do wykończenia,Współrzędne dokładne,"ul. Spacerowa , Puławy, puławski",51.41096,21.986183,2/3,Zapytaj,Zapytaj,balkon,garaż/miejsce parkingowe,brak informacji,2025,brak informacji,nie,"telewizja kablowa, internet",brak informacji,brak informacji,pierwotny
1,743 548 zł,"94,12 m²",Niwa Park etap II | nowe mieszkanie BS1 21,4,do wykończenia,Współrzędne dokładne,"ul. Spacerowa , Puławy, puławski",51.41096,21.986183,2/3,Zapytaj,Zapytaj,balkon,garaż/miejsce parkingowe,brak informacji,2025,brak informacji,nie,"telewizja kablowa, internet",brak informacji,brak informacji,pierwotny
1,743 548 zł,"94,12 m²",Niwa Park etap II | nowe mieszkanie BS1 20,4,do wykończenia,Współrzędne dokładne,"ul. Spacerowa , Puławy, puławski",51.41096,21.986183,2/3,Zapytaj,Zapytaj,balkon,garaż/miejsce parkingowe,brak informacji,2025,brak informacji,nie,"telewizja kablowa, internet",brak informacji,brak informacji,pierwotny
1,328 247 zł,"37,09 m²",Niwa Park etap II | nowe mieszkanie BS1 19,1,do wykończenia,Współrzędne dokładne,"ul. Spacerowa , Puławy, puławski",51.41096,21.986183,2/3,Zapytaj,Zapytaj,balkon,garaż/miejsce parkingowe,brak informacji,2025,brak informacji,nie,"telewizja kablowa, internet",brak informacji,brak informacji,pierwotny
1,411 957 zł,"45,27 m²",Dwa pokoje z garderobą i loggią od południa,2,do wykończenia,Współrzędne dokładne,"Lublin, Węglin, ul. Jantarowa",51.222313,22.492855,1/8,Zapytaj,pełna własność,balkon,garaż/miejsce parkingowe,brak informacji,2023,brak informacji,tak,"telewizja kablowa, internet",brak informacji,brak informacji,pierwotny
1,530 000 zł,"57,61 m²",3 Pokoje z Miejscem Post. Blisko Centrum Bez Pcc,3,do wykończenia,Współrzędne dokładne,"LSM, Lublin, Lublin",51.24858,22.51507,2/6,500 zł,pełna własność,balkon,garaż/miejsce parkingowe,brak informacji,2022,blok,tak,brak informacji,brak informacji,pustak,pierwotny
1,518 775 zł,"69,17 m²",Unikatowe M3/M4 z ogródkiem 208m w cenie ! Okazja,4,Zapytaj,Współrzędne dokładne,"Centrum, Lublin, Lublin",51.234484,22.5817,parter/3,97 zł,Zapytaj,"balkon, ogródek, taras",Zapytaj,brak informacji,2023,brak informacji,tak,internet,"system alarmowy, teren zamknięty",brak informacji,pierwotny
1,530 012 zł,"57,61 m²",3 Pokoje Bez Pcc,3,do wykończenia,Współrzędne dokładne,"LSM, Lublin, Lublin",51.24934,22.51524,2/6,500 zł,pełna własność,balkon,garaż/miejsce parkingowe,brak informacji,2022,blok,tak,brak informacji,brak informacji,pustak,pierwotny
1,539 126 zł,"55,58 m²",3 Pokoje z Miejscem Post. Blisko Centrum Bez Pcc,3,do wykończenia,Współrzędne dokładne,"LSM, Lublin, Lublin",51.24858,22.51507,5/6,500 zł,pełna własność,balkon,garaż/miejsce parkingowe,brak informacji,2022,blok,tak,brak informacji,brak informacji,pustak,pierwotny
1,497 120 zł,"62,14 m²",Nowe 3 Pokoje Bez prowizji! Bez Pcc! Wrotków!,3,do wykończenia,Współrzędne dokładne,"Lublin, Wrotków, Ks. Wincentego Granata",51.19952,22.55008,3/5,300 zł,pełna własność,balkon,garaż/miejsce parkingowe,2023-01-01,2022,blok,tak,"telewizja kablowa, internet, telefon","drzwi / okna antywłamaniowe, teren zamknięty, domofon / wideofon",beton komórkowy,pierwotny
1,488 298 zł,"50,34 m²",8 Piętro 2 pokoje ul. Wrońska Bronowice,2,do wykończenia,Współrzędne dokładne,"Lublin, Bronowice, ul. Wrońska",51.2309,22.5788,8/14,300 zł,pełna własność,balkon,garaż/miejsce parkingowe,2023-01-02,2022,blok,tak,"telewizja kablowa, internet, telefon","drzwi / okna antywłamaniowe, domofon / wideofon",inne,pierwotny
1,497 120 zł,"62,14 m²",Nowe 3 Pokoje Bez prowizji! Bez Pcc! Wrotków!,3,do wykończenia,Współrzędne dokładne,"Lublin, Wrotków, Ks. Wincentego Granata",51.19952,22.55008,2/5,300 zł,pełna własność,balkon,garaż/miejsce parkingowe,2023-01-01,2022,blok,tak,"telewizja kablowa, internet, telefon","drzwi / okna antywłamaniowe, teren zamknięty, domofon / wideofon",beton komórkowy,pierwotny
1,497 120 zł,"62,14 m²",Nowe 3 Pokoje Bez prowizji! Bez Pcc! Wrotków!,3,do wykończenia,Współrzędne dokładne,"Lublin, Wrotków, Ks. Wincentego Granata",51.19952,22.55008,parter/5,300 zł,pełna własność,balkon,garaż/miejsce parkingowe,2023-01-01,2022,blok,tak,"telewizja kablowa, internet, telefon","drzwi / okna antywłamaniowe, teren zamknięty, domofon / wideofon",beton komórkowy,pierwotny
1,428 194 zł,"49,79 m²",Nowe 2 Pokoje ul. Granata Bez prowizji! Wrotków,2,do wykończenia,Współrzędne dokładne,"Lublin, Wrotków, Ks. Wincentego Granata",51.2008,22.54989,1/5,200 zł,pełna własność,balkon,garaż/miejsce parkingowe,2023-01-03,2022,blok,tak,"telewizja kablowa, internet, telefon","drzwi / okna antywłamaniowe, domofon / wideofon",brak informacji,pierwotny
1,428 194 zł,"49,79 m²",Nowe 2 Pokoje ul. Granata Bez prowizji! Wrotków,2,do wykończenia,Współrzędne dokładne,"Lublin, Wrotków, Ks. Wincentego Granata",51.2008,22.54989,2/5,200 zł,pełna własność,balkon,garaż/miejsce parkingowe,2023-01-03,2022,blok,tak,"telewizja kablowa, internet, telefon","drzwi / okna antywłamaniowe, domofon / wideofon",brak informacji,pierwotny
1,354 474 zł,"50,28 m²",Dominów 3 pokoje bez Prowizji I Pcc!,3,do wykończenia,Współrzędne dokładne,"Lublin, Lublin, lubelskie",51.1868,22.59792,parter/2,Zapytaj,pełna własność,balkon,garaż/miejsce parkingowe,2023-09-30,2022,blok,tak,"telewizja kablowa, internet, telefon","drzwi / okna antywłamaniowe, teren zamknięty, domofon / wideofon",inne,pierwotny
1,391 310 zł,"35,9 m²",Kawalerka w stanie deweloperskim Czechów UM,1,do wykończenia,Współrzędne dokładne,"Lublin, Czechów, ul. Koncertowa",51.273912,22.542587,parter/4,350 zł,pełna własność,"balkon, taras",garaż/miejsce parkingowe,brak informacji,2023,apartamentowiec,tak,"telewizja kablowa, internet, telefon","drzwi / okna antywłamaniowe, teren zamknięty, domofon / wideofon, monitoring / ochrona",brak informacji,pierwotny
1,379 900 zł,"48,4 m²",Niezwykłe Mieszkanie Nowe Choiny | 5A,2,do wykończenia,Współrzędne dokładne,"Lublin, Czechów, ul. Choiny",51.27861,22.553398,parter/1,Zapytaj,pełna własność,"balkon, ogródek",garaż/miejsce parkingowe,2023-06-01,2023,szeregowiec,nie,"telewizja kablowa, internet",teren zamknięty,cegła,pierwotny
1,483 327 zł,"59,67 m²",Trzy pokoje z osobną kuchnią gotowe do odbioru,3,do wykończenia,Współrzędne dokładne,"Lublin, Węglin, ul. Jantarowa",51.222313,22.492855,parter/7,Zapytaj,pełna własność,balkon,garaż/miejsce parkingowe,2022-10-01,2022,blok,tak,brak informacji,brak informacji,silikat,pierwotny
1,379 900 zł,54 m²,Przestronne Mieszkanie Nowe Choiny | 2B,3,do wykończenia,Współrzędne dokładne,"Lublin, Czechów, ul. Choiny",51.27861,22.553398,1/1,Zapytaj,pełna własność,"balkon, ogródek",garaż/miejsce parkingowe,brak informacji,2023,brak informacji,nie,"telewizja kablowa, internet",teren zamknięty,cegła,pierwotny
1,379 900 zł,54 m²,Nowoczesne Mieszkanie Nowe Choiny | 1B,3,do wykończenia,Współrzędne dokładne,"Lublin, Czechów, ul. Choiny",51.27861,22.553398,1/1,Zapytaj,pełna własność,"balkon, ogródek",garaż/miejsce parkingowe,2023-06-01,2023,szeregowiec,nie,"telewizja kablowa, internet",teren zamknięty,cegła,pierwotny
1,449 000 zł,"52,17 m²",Przestronne mieszkanie przy ul. Garbarskiej,3,do wykończenia,Nieruchomość znajduje się w zaznaczonym obszarze mapy. Niestety ogłoszeniodawca nie wskazał dokładnego adresu.,"Bronowice, Lublin, Lublin",51.232739,22.576787,1/6,400 zł,pełna własność,Zapytaj,garaż/miejsce parkingowe,2023-04-01,2023,blok,tak,brak informacji,brak informacji,brak informacji,pierwotny
1,435 900 zł,"48,46 m²",Nowe Mieszkanie North Park B98,1,do wykończenia,Współrzędne dokładne,"Lublin, Czechów, ul. Północna",51.257036,22.539034,2/11,Zapytaj,Zapytaj,balkon,garaż/miejsce parkingowe,brak informacji,2021,brak informacji,tak,"telewizja kablowa, internet",monitoring / ochrona,brak informacji,pierwotny
1,714 685 zł,"75,23 m²","Kameralne Mieszkanie 4 pokojowe z OGRÓDKIEM , E",4,Zapytaj,Współrzędne dokładne,"Lublin, Szerokie, ul. Nałęczowska",51.25458,22.495054,parter/2,Zapytaj,pełna własność,"balkon, ogródek, taras",garaż/miejsce parkingowe,brak informacji,2023,blok,tak,"telewizja kablowa, internet, telefon","drzwi / okna antywłamaniowe, teren zamknięty, domofon / wideofon",brak informacji,pierwotny
1,379 900 zł,"48,4 m²",Komfortowe Mieszkanie Nowe Choiny | 2A,2,do wykończenia,Współrzędne dokładne,"Lublin, Czechów, ul. Choiny",51.27861,22.553398,parter/1,Zapytaj,pełna własność,"balkon, ogródek",garaż/miejsce parkingowe,2023-06-01,2023,brak informacji,nie,"telewizja kablowa, internet",teren zamknięty,cegła,pierwotny
1,457 725 zł,"61,03 m²","Mieszkanie, 61,03 m², Lublin",4,Zapytaj,Nieruchomość znajduje się w zaznaczonym obszarze mapy. Niestety ogłoszeniodawca nie wskazał dokładnego adresu.,"Dziesiąta, Lublin, Lublin",51.214251,22.580958,1/3,250 zł,pełna własność,balkon,garaż/miejsce parkingowe,brak informacji,2022,brak informacji,nie,"internet, telefon",brak informacji,beton komórkowy,pierwotny
1,359 359 zł,"46,67 m²","Mieszkanie, 46,67 m², Lublin",2,Zapytaj,Nieruchomość znajduje się w zaznaczonym obszarze mapy. Niestety ogłoszeniodawca nie wskazał dokładnego adresu.,"Dziesiąta, Lublin, Lublin",51.214251,22.580958,parter/3,250 zł,pełna własność,balkon,garaż/miejsce parkingowe,brak informacji,2022,brak informacji,nie,"internet, telefon",brak informacji,beton komórkowy,pierwotny
1,661 206 zł,"72,66 m²",4 pokoje mieszkanie przy ul. Jemiołuszki Węglinek,4,Zapytaj,Nieruchomość znajduje się w zaznaczonym obszarze mapy. Niestety ogłoszeniodawca nie wskazał dokładnego adresu.,"Węglinek, Lublin, Lublin",51.21662,22.4788,3/3,Zapytaj,pełna własność,balkon,garaż/miejsce parkingowe,brak informacji,2022,blok,tak,"telewizja kablowa, internet, telefon",monitoring / ochrona,brak informacji,pierwotny
1,539 266 zł,"59,26 m²",Komfortowe mieszkanie z dużą łazienką.,3,do wykończenia,Współrzędne dokładne,"Lublin, Węglin, ul. Jantarowa",51.222313,22.492855,1/8,Zapytaj,pełna własność,balkon,garaż/miejsce parkingowe,brak informacji,2023,brak informacji,tak,"telewizja kablowa, internet",brak informacji,brak informacji,pierwotny
1,428 194 zł,"49,79 m²","2 pokoje, Nowe mieszkanie nad zalewem",2,do wykończenia,Współrzędne dokładne,"Wrotków, Lublin, Lublin",51.19949,22.54959,3/5,Zapytaj,pełna własność,balkon,Zapytaj,2023-02-15,2022,blok,tak,"telewizja kablowa, internet","drzwi / okna antywłamaniowe, domofon / wideofon",inne,pierwotny
1,379 900 zł,"48,4 m²",Atrakcyjne Mieszkanie Nowe Choiny | 1A,2,do wykończenia,Współrzędne dokładne,"Lublin, Czechów, ul. Choiny",51.27861,22.553398,parter/1,Zapytaj,pełna własność,"balkon, ogródek",garaż/miejsce parkingowe,2023-06-01,2023,szeregowiec,nie,"telewizja kablowa, internet",brak informacji,cegła,pierwotny
1,943 437 zł,"77,97 m²",Wygodne Mieszkanie Orkana Residence etap 2 | B2-24,4,do zamieszkania,Nieruchomość znajduje się w zaznaczonym obszarze mapy. Niestety ogłoszeniodawca nie wskazał dokładnego adresu.,"Czuby, Lublin, Lublin",51.234383,22.501625,parter,Zapytaj,Zapytaj,ogródek,garaż/miejsce parkingowe,brak informacji,2024,brak informacji,tak,"telewizja kablowa, internet","teren zamknięty, domofon / wideofon, monitoring / ochrona",brak informacji,pierwotny
1,585 000 zł,"89,86 m²",4 Pokoje - Nowy Blok - Winda,4,do wykończenia,Współrzędne dokładne,"Dominów, lubelski, lubelskie",51.170218,22.594265,2/3,Zapytaj,pełna własność,balkon,Zapytaj,brak informacji,2023,brak informacji,tak,brak informacji,domofon / wideofon,brak informacji,pierwotny
1,451 000 zł,"42,7 m²",North Park B142 | Rezerwacja,2,do wykończenia,Współrzędne dokładne,"Lublin, Czechów, ul. Północna",51.257036,22.539034,9/11,Zapytaj,Zapytaj,balkon,garaż/miejsce parkingowe,brak informacji,2021,brak informacji,tak,"telewizja kablowa, internet",monitoring / ochrona,brak informacji,pierwotny
1,379 900 zł,54 m²,Mieszkanie w inwestycji Nowe Choiny | 5B,3,do wykończenia,Współrzędne dokładne,"Lublin, Czechów, ul. Choiny",51.27861,22.553398,1,Zapytaj,pełna własność,"balkon, ogródek",garaż/miejsce parkingowe,2023-06-01,2023,szeregowiec,nie,"telewizja kablowa, internet",brak informacji,cegła,pierwotny
1,837 774 zł,"68,67 m²",Trzypokojowe Mieszkanie Orkana Residence | B1-02,3,do zamieszkania,Nieruchomość znajduje się w zaznaczonym obszarze mapy. Niestety ogłoszeniodawca nie wskazał dokładnego adresu.,"Czuby, Lublin, Lublin",51.234383,22.501625,parter,Zapytaj,Zapytaj,ogródek,garaż/miejsce parkingowe,brak informacji,2024,brak informacji,tak,"telewizja kablowa, internet","teren zamknięty, domofon / wideofon, monitoring / ochrona",brak informacji,pierwotny
1,708 000 zł,"72,48 m²",Przestronne Mieszkanie North Park B146,3,do wykończenia,Współrzędne dokładne,"Lublin, Czechów, ul. Północna",51.257036,22.539034,9/11,Zapytaj,Zapytaj,Zapytaj,garaż/miejsce parkingowe,brak informacji,2021,brak informacji,tak,"telewizja kablowa, internet",monitoring / ochrona,brak informacji,pierwotny
1,379 900 zł,"48,4 m²",Niezwykłe Mieszkanie Nowe Choiny | 7A,2,do wykończenia,Współrzędne dokładne,"Lublin, Czechów, ul. Choiny",51.27861,22.553398,parter/1,Zapytaj,pełna własność,"balkon, ogródek",garaż/miejsce parkingowe,2023-06-01,2023,szeregowiec,nie,"telewizja kablowa, internet",teren zamknięty,cegła,pierwotny
1,844 641 zł,"68,67 m²",Mieszkanie Orkana Residence | B1-05,3,do zamieszkania,Nieruchomość znajduje się w zaznaczonym obszarze mapy. Niestety ogłoszeniodawca nie wskazał dokładnego adresu.,"Czuby, Lublin, Lublin",51.234383,22.501625,1,Zapytaj,Zapytaj,balkon,garaż/miejsce parkingowe,brak informacji,2024,brak informacji,tak,"telewizja kablowa, internet","teren zamknięty, domofon / wideofon, monitoring / ochrona",brak informacji,pierwotny
1,405 655 zł,"52,43 m²",Jemiołuszki Węglin Niska Cena 3 Pokoje + Ak,3,Zapytaj,Nieruchomość znajduje się w zaznaczonym obszarze mapy. Niestety ogłoszeniodawca nie wskazał dokładnego adresu.,"Węglinek, Lublin, Lublin",51.21662,22.4788,1,Zapytaj,Zapytaj,balkon,garaż/miejsce parkingowe,brak informacji,2024,brak informacji,tak,brak informacji,brak informacji,brak informacji,pierwotny
1,498 150 zł,"61,5 m²",B1M3 - Okazja Idealne 3 Pokoje 15m2 balkon !,3,Zapytaj,Współrzędne dokładne,"Czechów Górny, Lublin, Lublin",51.279999,22.53896,Zapytaj,120 zł,pełna własność,"balkon, taras",garaż/miejsce parkingowe,brak informacji,2023,blok,tak,internet,brak informacji,brak informacji,pierwotny
1,339 000 zł,34 m²,mieszkanie z ogródkiem i miejscem postojowym 2 pok,2,Zapytaj,Nieruchomość znajduje się w zaznaczonym obszarze mapy. Niestety ogłoszeniodawca nie wskazał dokładnego adresu.,"Botanik, Lublin, Lublin",51.26498,22.52025,parter/5,150 zł,pełna własność,"ogródek, taras",garaż/miejsce parkingowe,brak informacji,brak informacji,blok,tak,brak informacji,brak informacji,brak informacji,pierwotny
1,601 506 zł,"76,14 m²",Lublin Koncertowa - B3 M10 - Południowy / Zachód,4,Zapytaj,Współrzędne dokładne,"Czechów Górny, Lublin, Lublin",51.273917,22.53907,2/3,225 zł,pełna własność,"balkon, taras",garaż/miejsce parkingowe,brak informacji,2023,blok,tak,internet,brak informacji,brak informacji,pierwotny
1,601 506 zł,"76,14 m²",Mieszkanie z widokiem ! B3 M11 - Północny / Zachód,4,Zapytaj,Współrzędne dokładne,"Czechów Górny, Lublin, Lublin",51.271286,22.54011,2/3,225 zł,pełna własność,"balkon, taras",garaż/miejsce parkingowe,brak informacji,2023,blok,tak,internet,brak informacji,brak informacji,pierwotny
1,379 900 zł,"48,4 m²",Atrakcyjne Mieszkanie Nowe Choiny | 8A,2,do wykończenia,Współrzędne dokładne,"Lublin, Czechów, ul. Choiny",51.27861,22.553398,parter/1,Zapytaj,pełna własność,"balkon, ogródek",garaż/miejsce parkingowe,brak informacji,2023,brak informacji,nie,"telewizja kablowa, internet",teren zamknięty,cegła,pierwotny
1,451 801 zł,"33,97 m²",Nowoczesne Mieszkanie Orkana Residence | B1-12,2,do zamieszkania,Nieruchomość znajduje się w zaznaczonym obszarze mapy. Niestety ogłoszeniodawca nie wskazał dokładnego adresu.,"Czuby, Lublin, Lublin",51.234383,22.501625,2,Zapytaj,Zapytaj,balkon,garaż/miejsce parkingowe,brak informacji,2024,brak informacji,tak,"telewizja kablowa, internet","teren zamknięty, domofon / wideofon, monitoring / ochrona",brak informacji,pierwotny
1,498 351 zł,"37,47 m²",Wygodne Mieszkanie Orkana Residence etap 2 | B1-13,2,do zamieszkania,Nieruchomość znajduje się w zaznaczonym obszarze mapy. Niestety ogłoszeniodawca nie wskazał dokładnego adresu.,"Czuby, Lublin, Lublin",51.234383,22.501625,2,Zapytaj,Zapytaj,balkon,garaż/miejsce parkingowe,brak informacji,2024,brak informacji,tak,"telewizja kablowa, internet","teren zamknięty, domofon / wideofon, monitoring / ochrona",brak informacji,pierwotny
1,813 500 zł,"65,08 m²",Przestronne Mieszkanie Orkana Residence | B1-15,3,do zamieszkania,Nieruchomość znajduje się w zaznaczonym obszarze mapy. Niestety ogłoszeniodawca nie wskazał dokładnego adresu.,"Czuby, Lublin, Lublin",51.234383,22.501625,3,Zapytaj,Zapytaj,balkon,garaż/miejsce parkingowe,brak informacji,2024,brak informacji,tak,"telewizja kablowa, internet","teren zamknięty, domofon / wideofon, monitoring / ochrona",brak informacji,pierwotny
1,537 840 zł,"59,76 m²","Nowe! Czechów, 3 pokoje, 60m2, balkon 9m2",3,do wykończenia,Nieruchomość znajduje się w zaznaczonym obszarze mapy. Niestety ogłoszeniodawca nie wskazał dokładnego adresu.,"Czechów, Lublin, Lublin",51.273912,22.542587,1/3,Zapytaj,pełna własność,Zapytaj,Zapytaj,brak informacji,2023,blok,tak,"telewizja kablowa, internet",monitoring / ochrona,pustak,pierwotny
1,375 024 zł,"48,08 m²",Mieszkanie deweloperskie oddane do użytku,2,Zapytaj,Współrzędne dokładne,"Świdnik, świdnicki, lubelskie",51.20925,22.68723,2/4,Zapytaj,Zapytaj,balkon,Zapytaj,brak informacji,2022,blok,tak,"telewizja kablowa, internet","drzwi / okna antywłamaniowe, domofon / wideofon",inne,pierwotny
1,674 370 zł,"53,1 m²",Nowe Mieszkanie Orkana Residence etap 2 | B2-25,4,do zamieszkania,Nieruchomość znajduje się w zaznaczonym obszarze mapy. Niestety ogłoszeniodawca nie wskazał dokładnego adresu.,"Czuby, Lublin, Lublin",51.234383,22.501625,parter,Zapytaj,Zapytaj,ogródek,garaż/miejsce parkingowe,brak informacji,2024,brak informacji,tak,"telewizja kablowa, internet","teren zamknięty, domofon / wideofon, monitoring / ochrona",brak informacji,pierwotny
1,364 000 zł,"31,37 m²",Piękna Kawalerka lub 2 Pokoje ! Środkowe !,2,Zapytaj,Nieruchomość znajduje się w zaznaczonym obszarze mapy. Niestety ogłoszeniodawca nie wskazał dokładnego adresu.,"Śródmieście, Lublin, Lublin",51.25034,22.55396,9/11,Zapytaj,pełna własność,Zapytaj,garaż/miejsce parkingowe,brak informacji,brak informacji,apartamentowiec,tak,brak informacji,"system alarmowy, teren zamknięty, domofon / wideofon",brak informacji,pierwotny
1,505 360 zł,"63,17 m²",Trzypokojowe mieszkanie z dwoma balkonami!,3,do wykończenia,Współrzędne dokładne,"Lublin, Wrotków, Ks. Wincentego Granata",51.199045,22.547979,1/5,Zapytaj,pełna własność,balkon,garaż/miejsce parkingowe,brak informacji,2022,blok,tak,"telewizja kablowa, internet",brak informacji,brak informacji,pierwotny
1,781 776 zł,"64,08 m²",Trzypokojowe Mieszkanie Orkana Residence | B2-26,3,do zamieszkania,Nieruchomość znajduje się w zaznaczonym obszarze mapy. Niestety ogłoszeniodawca nie wskazał dokładnego adresu.,"Czuby, Lublin, Lublin",51.234383,22.501625,parter,Zapytaj,Zapytaj,ogródek,garaż/miejsce parkingowe,brak informacji,2024,brak informacji,tak,"telewizja kablowa, internet","teren zamknięty, domofon / wideofon, monitoring / ochrona",brak informacji,pierwotny
1,445 200 zł,"55,65 m²","2-3 pokoje 55,65m2 Oddanie Maj bez 2% Pcc!",2,do wykończenia,Współrzędne dokładne,"ul. Jemiołuszki , Lublin, Lublin",51.223629,22.47866,1/6,Zapytaj,Zapytaj,balkon,garaż/miejsce parkingowe,brak informacji,2022,brak informacji,nie,brak informacji,brak informacji,brak informacji,pierwotny
1,753 875 zł,"60,31 m²",Wysoki Standard Miejsce Postojowe Bez Pcc!!!,3,do zamieszkania,Współrzędne dokładne,"Konstantynów, Lublin, Lublin",51.24826,22.5161,1/6,500 zł,pełna własność,balkon,garaż/miejsce parkingowe,2023-02-06,2022,blok,tak,brak informacji,brak informacji,pustak,pierwotny
1,480 320 zł,"63,2 m²",Blok 2 | 4 pokoje | 63 m² | Centrum | Windy,4,do wykończenia,Współrzędne dokładne,"ul. dr. Stefana Żarnowskiego , Chełm, Chełm",51.128284,23.465622,parter/3,Zapytaj,pełna własność,balkon,garaż/miejsce parkingowe,brak informacji,2024,blok,tak,"telewizja kablowa, internet, telefon","teren zamknięty, domofon / wideofon",silikat,pierwotny
1,"385 073,65 zł","51,35 m²",Dziesiąta Park 3 pokoje na 51m2 ! Okazja,3,Zapytaj,Współrzędne dokładne,"Dziesiąta, Lublin, Lublin",51.210333,22.59254,parter/3,79 zł,pełna własność,"balkon, taras",garaż/miejsce parkingowe,brak informacji,2022,apartamentowiec,tak,"telewizja kablowa, internet",domofon / wideofon,beton komórkowy,pierwotny
1,457 725 zł,"61,03 m²",Idealne 4 Pokoje ! Dziesiąta Park ! Gotowe !,4,Zapytaj,Współrzędne dokładne,"Dziesiąta, Lublin, Lublin",51.213893,22.59326,1/3,95 zł,pełna własność,"balkon, taras",garaż/miejsce parkingowe,brak informacji,2022,apartamentowiec,tak,"telewizja kablowa, internet",domofon / wideofon,beton komórkowy,pierwotny
1,296 961 zł,"37,59 m²",Okazja - Idealne 2 pokoje na Kwiecień 23 Rok !,2,Zapytaj,Współrzędne dokładne,"Dziesiąta, Lublin, Lublin",51.212942,22.59282,parter/3,69 zł,pełna własność,"balkon, taras",garaż/miejsce parkingowe,brak informacji,2023,apartamentowiec,tak,"telewizja kablowa, internet",domofon / wideofon,beton komórkowy,pierwotny
1,332 904 zł,"42,68 m²",Dziesiąta Park - 2 Pokoje Środkowe ! Okazja,2,Zapytaj,Współrzędne dokładne,"Dziesiąta, Lublin, Lublin",51.213909,22.59493,1/3,79 zł,pełna własność,"balkon, taras",garaż/miejsce parkingowe,brak informacji,2023,apartamentowiec,tak,"telewizja kablowa, internet",domofon / wideofon,beton komórkowy,pierwotny
1,321 516 zł,"41,22 m²",Idealne 2 Pokoje - Dwutronne/Środkowe - Okazja,2,Zapytaj,Współrzędne dokładne,"Dziesiąta, Lublin, Lublin",51.213949,22.59308,1/3,67 zł,pełna własność,"balkon, taras",garaż/miejsce parkingowe,brak informacji,2022,apartamentowiec,tak,"telewizja kablowa, internet",domofon / wideofon,beton komórkowy,pierwotny
1,699 000 zł,81 m²,Apartament Sławinkowski ! - Okazja Na Już !,4,do wykończenia,Współrzędne dokładne,"Sławin, Lublin, Lublin",51.280868,22.49987,Zapytaj,Zapytaj,pełna własność,"balkon, ogródek, taras",garaż/miejsce parkingowe,brak informacji,2022,brak informacji,nie,brak informacji,teren zamknięty,silikat,pierwotny
1,359 359 zł,"46,67 m²",Idealne 2 pokoje Środkowe ! Okazja Gotowe Na Już !,2,Zapytaj,Współrzędne dokładne,"Dziesiąta, Lublin, Lublin",51.213949,22.5943,parter/3,79 zł,pełna własność,"balkon, taras",garaż/miejsce parkingowe,brak informacji,2022,apartamentowiec,tak,"telewizja kablowa, internet",domofon / wideofon,beton komórkowy,pierwotny
1,347 758 zł,"44,02 m²",Dziesiąta Park 2 pokoje ! Wsch/Zach - Gotowe !,2,Zapytaj,Współrzędne dokładne,"Dziesiąta, Lublin, Lublin",51.213855,22.59306,2/3,67 zł,pełna własność,"balkon, taras",garaż/miejsce parkingowe,brak informacji,2022,apartamentowiec,tak,"telewizja kablowa, internet",domofon / wideofon,beton komórkowy,pierwotny
1,379 900 zł,"48,4 m²",Niezwykłe Mieszkanie Nowe Choiny | 6A,2,do wykończenia,Współrzędne dokładne,"Lublin, Czechów, ul. Choiny",51.27861,22.553398,parter/1,Zapytaj,pełna własność,"balkon, ogródek",garaż/miejsce parkingowe,2023-06-01,2023,brak informacji,nie,"telewizja kablowa, internet",teren zamknięty,cegła,pierwotny
1,550 000 zł,"69,99 m²","Ponikwoda, ul. Dożynkowa 69,99m2",4,Zapytaj,Nieruchomość znajduje się w zaznaczonym obszarze mapy. Niestety ogłoszeniodawca nie wskazał dokładnego adresu.,"Ponikwoda, Lublin, Lublin",51.26966,22.58862,1/3,Zapytaj,pełna własność,balkon,garaż/miejsce parkingowe,brak informacji,2023,blok,tak,telewizja kablowa,brak informacji,brak informacji,pierwotny
1,520 000 zł,"62,45 m²","Ponikwoda, ul. Dożynkowa 62,45m2",3,Zapytaj,Nieruchomość znajduje się w zaznaczonym obszarze mapy. Niestety ogłoszeniodawca nie wskazał dokładnego adresu.,"Ponikwoda, Lublin, Lublin",51.26966,22.58862,2/3,Zapytaj,pełna własność,balkon,garaż/miejsce parkingowe,brak informacji,brak informacji,blok,tak,"telewizja kablowa, telefon",brak informacji,brak informacji,pierwotny
1,340 000 zł,"33,97 m²","Ponikwoda, mieszkanie deweloperskie 33,97m2",2,Zapytaj,Nieruchomość znajduje się w zaznaczonym obszarze mapy. Niestety ogłoszeniodawca nie wskazał dokładnego adresu.,"Ponikwoda, Lublin, Lublin",51.26966,22.58862,3/3,Zapytaj,pełna własność,balkon,garaż/miejsce parkingowe,brak informacji,2023,blok,tak,brak informacji,brak informacji,brak informacji,pierwotny
1,309 960 zł,"37,8 m²",Blok 2 Apartament 38 m² | Centrum | Windy,2,do wykończenia,Współrzędne dokładne,"ul. dr. Stefana Żarnowskiego , Chełm, Chełm",51.128284,23.465622,parter/3,Zapytaj,pełna własność,balkon,garaż/miejsce parkingowe,brak informacji,2024,blok,tak,"telewizja kablowa, internet, telefon","drzwi / okna antywłamaniowe, teren zamknięty, domofon / wideofon",silikat,pierwotny
1,278 850 zł,33 m²,Blok 2 Apartament 33 m² | Centrum | Windy,2,do wykończenia,Współrzędne dokładne,"ul. dr. Stefana Żarnowskiego , Chełm, Chełm",51.128284,23.465622,parter/3,Zapytaj,pełna własność,balkon,garaż/miejsce parkingowe,brak informacji,2024,blok,tak,"telewizja kablowa, internet, telefon","drzwi / okna antywłamaniowe, teren zamknięty, domofon / wideofon",silikat,pierwotny
1,399 300 zł,"50,16 m²",Lofty Długa 2.0 - system płatności 20/80,3,do wykończenia,Współrzędne dokładne,"Lublin, Bronowice, ul. Długa",51.2348,22.57758,1/4,Zapytaj,pełna własność,balkon,garaż/miejsce parkingowe,brak informacji,brak informacji,blok,tak,brak informacji,brak informacji,brak informacji,pierwotny
1,618 527 zł,"67,97 m²",Czuby !!! Nowe !!! 3 Pokoje !!! 1 Piętro!!!,3,do wykończenia,Współrzędne dokładne,"Lublin, Czuby, ul. Hetmańska",51.234315,22.503374,1/4,Zapytaj,Zapytaj,Zapytaj,garaż/miejsce parkingowe,brak informacji,2023,blok,tak,brak informacji,brak informacji,brak informacji,pierwotny
1,456 760 zł,"60,1 m²",Blok 2 Apartament 60 m² | 2 balkony 27 m² | Windy,3,do wykończenia,Współrzędne dokładne,"ul. dr. Stefana Żarnowskiego , Chełm, Chełm",51.128284,23.465622,1/3,Zapytaj,pełna własność,"balkon, taras",garaż/miejsce parkingowe,brak informacji,2024,blok,tak,"telewizja kablowa, internet, telefon","drzwi / okna antywłamaniowe, teren zamknięty, domofon / wideofon",silikat,pierwotny
1,475 000 zł,"58,09 m²",Nowe mieszkanie w atrakcyjnej okolicy - Węglinek,3,do wykończenia,Nieruchomość znajduje się w zaznaczonym obszarze mapy. Niestety ogłoszeniodawca nie wskazał dokładnego adresu.,"Węglinek, Lublin, Lublin",51.21662,22.4788,4/4,Zapytaj,pełna własność,balkon,garaż/miejsce parkingowe,brak informacji,2022,apartamentowiec,tak,"telewizja kablowa, internet, telefon","drzwi / okna antywłamaniowe, domofon / wideofon, monitoring / ochrona",inne,pierwotny
1,510 000 zł,"59,19 m²",4 pokojowe mieszkanie Ponikwoda,4,Zapytaj,Nieruchomość znajduje się w zaznaczonym obszarze mapy. Niestety ogłoszeniodawca nie wskazał dokładnego adresu.,"Ponikwoda, Lublin, Lublin",51.26966,22.58862,3/3,Zapytaj,pełna własność,balkon,Zapytaj,brak informacji,2024,blok,tak,brak informacji,brak informacji,brak informacji,pierwotny
1,448 896 zł,"46,76 m²",Czuby!!! 47m2 2pokoje Stan Deweloperski!!!!,2,do wykończenia,Współrzędne dokładne,"Lublin, Czuby, ul. Hetmańska",51.234315,22.503374,1/4,Zapytaj,Zapytaj,Zapytaj,garaż/miejsce parkingowe,brak informacji,2023,blok,tak,brak informacji,brak informacji,brak informacji,pierwotny
1,560 821 zł,"70,99 m²",Czuby !!! Nowe !!! 4 Pokoje Z Ogródkiem!!!,4,do wykończenia,Współrzędne dokładne,"Lublin, Czuby, ul. Hetmańska",51.234315,22.503374,parter/4,Zapytaj,Zapytaj,Zapytaj,garaż/miejsce parkingowe,brak informacji,2023,blok,tak,brak informacji,brak informacji,brak informacji,pierwotny
1,650 000 zł,"70,43 m²","Mieszkanie Czechów Górny, ul. Zelwerowicza",3,Zapytaj,Nieruchomość znajduje się w zaznaczonym obszarze mapy. Niestety ogłoszeniodawca nie wskazał dokładnego adresu.,"Lublin, Lublin, lubelskie",51.23955,22.55257,parter/2,600 zł,pełna własność,taras,garaż/miejsce parkingowe,brak informacji,2023,blok,nie,"telewizja kablowa, telefon",brak informacji,brak informacji,pierwotny
1,600 000 zł,"64,96 m²","Mieszkanie Czechów Górny, ul. Zelwerowicza",3,Zapytaj,Nieruchomość znajduje się w zaznaczonym obszarze mapy. Niestety ogłoszeniodawca nie wskazał dokładnego adresu.,"Lublin, Lublin, lubelskie",51.23955,22.55257,parter/2,600 zł,pełna własność,taras,garaż/miejsce parkingowe,brak informacji,2023,blok,nie,"telewizja kablowa, telefon",brak informacji,brak informacji,pierwotny
1,380 000 zł,"44,95 m²",2 pokojowe mieszkanie z tarasem zielonym Czechów,2,Zapytaj,Nieruchomość znajduje się w zaznaczonym obszarze mapy. Niestety ogłoszeniodawca nie wskazał dokładnego adresu.,"Choiny, Lublin, Lublin",51.07607,22.78827,parter/3,Zapytaj,pełna własność,balkon,Zapytaj,brak informacji,2023,blok,tak,brak informacji,brak informacji,brak informacji,pierwotny
1,370 000 zł,"41,14 m²","Ponikwoda, mieszkanie deweloperskie 41,14m2",2,Zapytaj,Nieruchomość znajduje się w zaznaczonym obszarze mapy. Niestety ogłoszeniodawca nie wskazał dokładnego adresu.,"Ponikwoda, Lublin, Lublin",51.26966,22.58862,3/3,Zapytaj,pełna własność,balkon,garaż/miejsce parkingowe,brak informacji,2023,blok,tak,brak informacji,brak informacji,brak informacji,pierwotny
1,457 608 zł,"49,74 m²",Czuby!!! 50M2!!! 2pokoje Stan Deweloperski!!!!,2,do wykończenia,Współrzędne dokładne,"Lublin, Czuby, ul. Hetmańska",51.234315,22.503374,2/4,Zapytaj,Zapytaj,Zapytaj,garaż/miejsce parkingowe,brak informacji,2023,blok,tak,brak informacji,brak informacji,brak informacji,pierwotny
1,670 131 zł,"87,03 m²",Czuby !!! Nowe !!! 4 Pokoje Z Ogródkiem!!!,4,do wykończenia,Współrzędne dokładne,"Lublin, Czuby, ul. Hetmańska",51.234315,22.503374,parter/4,Zapytaj,Zapytaj,Zapytaj,garaż/miejsce parkingowe,brak informacji,2023,blok,tak,brak informacji,brak informacji,brak informacji,pierwotny
1,668 100 zł,"39,3 m²","Apartament Kamienica 39,3 m2 Art Deco Spokojna 10",1,do wykończenia,Współrzędne dokładne,"Lublin, Śródmieście, ul. Spokojna",51.250546,22.553761,4/4,Zapytaj,pełna własność,Zapytaj,garaż/miejsce parkingowe,brak informacji,2022,kamienica,tak,"telewizja kablowa, internet","system alarmowy, domofon / wideofon",brak informacji,pierwotny
1,358 400 zł,"44,8 m²",Blok 2 | Apartament 45 m² | 3 pokoje Centrum Windy,3,do wykończenia,Współrzędne dokładne,"ul. dr. Stefana Żarnowskiego , Chełm, Chełm",51.128284,23.465622,parter/3,Zapytaj,pełna własność,"balkon, taras",garaż/miejsce parkingowe,brak informacji,2024,blok,tak,"telewizja kablowa, internet, telefon","drzwi / okna antywłamaniowe, teren zamknięty, domofon / wideofon",silikat,pierwotny
1,724 000 zł,"72,39 m²",Przestronne Mieszkanie North Park B151,3,do wykończenia,Współrzędne dokładne,"Lublin, Czechów, ul. Północna",51.257036,22.539034,10/11,Zapytaj,Zapytaj,Zapytaj,garaż/miejsce parkingowe,brak informacji,2021,brak informacji,tak,"telewizja kablowa, internet",monitoring / ochrona,brak informacji,pierwotny
1,499 000 zł,"69,79 m²",Lofty Długa 2.0 - system płatności 20/80,4,do wykończenia,Współrzędne dokładne,"Lublin, Bronowice, ul. Długa",51.2348,22.57758,1/4,Zapytaj,pełna własność,balkon,garaż/miejsce parkingowe,brak informacji,brak informacji,blok,tak,brak informacji,brak informacji,brak informacji,pierwotny
1,477 700 zł,"65,48 m²",Lofty Długa 2.0 - system płatności 20/80,4,do wykończenia,Współrzędne dokładne,"Lublin, Bronowice, ul. Długa",51.2348,22.57758,parter/4,Zapytaj,pełna własność,ogródek,garaż/miejsce parkingowe,brak informacji,brak informacji,blok,tak,brak informacji,brak informacji,brak informacji,pierwotny
1,299 200 zł,"34,81 m²",Lofty Długa 2.0 - system płatności 20/80,2,do wykończenia,Współrzędne dokładne,"Lublin, Bronowice, ul. Długa",51.2348,22.57758,parter/4,Zapytaj,pełna własność,ogródek,garaż/miejsce parkingowe,brak informacji,brak informacji,blok,tak,brak informacji,brak informacji,brak informacji,pierwotny
1,399 000 zł,"32,03 m²",***Inwestycyjna Kawalerka Na Wieniawie ***,1,do wykończenia,Współrzędne dokładne,"Lublin, Wieniawa, ul. Lesława Pagi",51.24568,22.52948,3/8,Zapytaj,pełna własność,balkon,garaż/miejsce parkingowe,brak informacji,2023,blok,tak,brak informacji,brak informacji,inne,pierwotny
1,380 000 zł,"44,95 m²",3 pokojowe mieszkanie z możliwą antresolą Czechów,3,Zapytaj,Nieruchomość znajduje się w zaznaczonym obszarze mapy. Niestety ogłoszeniodawca nie wskazał dokładnego adresu.,"Choiny, Lublin, Lublin",51.07607,22.78827,2/3,Zapytaj,pełna własność,balkon,Zapytaj,brak informacji,2023,blok,tak,brak informacji,"drzwi / okna antywłamaniowe, domofon / wideofon",pustak,pierwotny
1,399 000 zł,"32,03 m²",***Inwestycyjna Kawalerka Na Wieniawie ***,1,do wykończenia,Współrzędne dokładne,"Lublin, Wieniawa, ul. Lesława Pagi",51.24568,22.52948,3/8,Zapytaj,pełna własność,balkon,garaż/miejsce parkingowe,brak informacji,2023,blok,tak,brak informacji,brak informacji,inne,pierwotny
1,520 000 zł,"56,69 m²",Mieszkanie na Czechowie z koncepcją antresoli,3,do wykończenia,Nieruchomość znajduje się w zaznaczonym obszarze mapy. Niestety ogłoszeniodawca nie wskazał dokładnego adresu.,"Czechów, Lublin, Lublin",51.26556,22.54722,3/3,Zapytaj,pełna własność,balkon,garaż/miejsce parkingowe,brak informacji,2023,blok,tak,"telewizja kablowa, internet, telefon",domofon / wideofon,inne,pierwotny
1,547 000 zł,"71,95 m²","Czechów Górny, ul. Koncertowa",4,Zapytaj,Nieruchomość znajduje się w zaznaczonym obszarze mapy. Niestety ogłoszeniodawca nie wskazał dokładnego adresu.,"Czechów, Lublin, Lublin",51.26556,22.54722,2/3,Zapytaj,pełna własność,balkon,garaż/miejsce parkingowe,brak informacji,2023,blok,tak,"telewizja kablowa, internet","drzwi / okna antywłamaniowe, domofon / wideofon",brak informacji,pierwotny
1,370 000 zł,"41,14 m²",2 pokojowe mieszkanie Ponikwoda,2,Zapytaj,Nieruchomość znajduje się w zaznaczonym obszarze mapy. Niestety ogłoszeniodawca nie wskazał dokładnego adresu.,"Ponikwoda, Lublin, Lublin",51.26966,22.58862,2/3,Zapytaj,pełna własność,balkon,Zapytaj,brak informacji,2024,blok,tak,brak informacji,brak informacji,brak informacji,pierwotny
1,550 000 zł,"69,99 m²",4 pokojowe mieszkanie Ponikwoda,4,Zapytaj,Nieruchomość znajduje się w zaznaczonym obszarze mapy. Niestety ogłoszeniodawca nie wskazał dokładnego adresu.,"Ponikwoda, Lublin, Lublin",51.26966,22.58862,3/3,Zapytaj,pełna własność,balkon,Zapytaj,brak informacji,2024,blok,tak,brak informacji,brak informacji,brak informacji,pierwotny
1,520 000 zł,"62,45 m²",Mieszkanie Lublin Bazylianówka 2024 3pokoje,3,do wykończenia,Nieruchomość znajduje się w zaznaczonym obszarze mapy. Niestety ogłoszeniodawca nie wskazał dokładnego adresu.,"Bazylianówka, Lublin, Lublin",51.278584,22.588507,2/3,Zapytaj,pełna własność,balkon,garaż/miejsce parkingowe,brak informacji,2024,blok,tak,"telewizja kablowa, internet",brak informacji,brak informacji,pierwotny
1,496 080 zł,"63,6 m²",Nowe Mieszkania na Ponikwodzie,3,do wykończenia,Współrzędne dokładne,"Ponikwoda, Lublin, Lublin",51.27741,22.58907,parter/3,Zapytaj,Zapytaj,balkon,garaż/miejsce parkingowe,brak informacji,2023,blok,nie,brak informacji,"drzwi / okna antywłamaniowe, domofon / wideofon",inne,pierwotny
1,340 000 zł,"33,97 m²",Mieszkanie Lublin Bazylianówka 2024 2pokoje,2,do wykończenia,Nieruchomość znajduje się w zaznaczonym obszarze mapy. Niestety ogłoszeniodawca nie wskazał dokładnego adresu.,"Bazylianówka, Lublin, Lublin",51.278584,22.588507,3/3,Zapytaj,pełna własność,Zapytaj,garaż/miejsce parkingowe,brak informacji,2024,blok,tak,"telewizja kablowa, internet",brak informacji,brak informacji,pierwotny
1,600 000 zł,"64,96 m²","Mieszkanie Czechów, ul. Zelwerowicza",4,Zapytaj,Nieruchomość znajduje się w zaznaczonym obszarze mapy. Niestety ogłoszeniodawca nie wskazał dokładnego adresu.,"Lublin, Lublin, lubelskie",51.23955,22.55257,parter/1,600 zł,pełna własność,"ogródek, taras",garaż/miejsce parkingowe,brak informacji,2023,blok,nie,"telewizja kablowa, internet",brak informacji,brak informacji,pierwotny
1,650 000 zł,"70,43 m²","Mieszkanie Czechów Górny, ul. Zelwerowicza",3,Zapytaj,Nieruchomość znajduje się w zaznaczonym obszarze mapy. Niestety ogłoszeniodawca nie wskazał dokładnego adresu.,"Lublin, Lublin, lubelskie",51.23955,22.55257,parter/2,600 zł,pełna własność,taras,garaż/miejsce parkingowe,brak informacji,2023,blok,nie,"telewizja kablowa, telefon",brak informacji,brak informacji,pierwotny
1,459 900 zł,"68,6 m²",Mieszkanie w inwestycji Nowe Choiny | 16B,4,do wykończenia,Współrzędne dokładne,"Lublin, Czechów, ul. Choiny",51.27861,22.553398,1/1,Zapytaj,pełna własność,"balkon, ogródek",garaż/miejsce parkingowe,brak informacji,2023,brak informacji,nie,"telewizja kablowa, internet",teren zamknięty,cegła,pierwotny
1,520 000 zł,"63,34 m²",2- 3 pokojowe mieszkanie Czechów-Koncertowa,3,Zapytaj,Nieruchomość znajduje się w zaznaczonym obszarze mapy. Niestety ogłoszeniodawca nie wskazał dokładnego adresu.,"Choiny, Lublin, Lublin",51.07607,22.78827,1/3,Zapytaj,pełna własność,balkon,Zapytaj,brak informacji,2023,blok,tak,brak informacji,brak informacji,brak informacji,pierwotny
1,450 000 zł,"47,36 m²",2 pokoje z ogródkiem i garażem. Czechów. 2023,2,do wykończenia,Nieruchomość znajduje się w zaznaczonym obszarze mapy. Niestety ogłoszeniodawca nie wskazał dokładnego adresu.,"Choiny, Lublin, Lublin",51.07607,22.78827,parter/1,480 zł,pełna własność,"balkon, ogródek, taras",garaż/miejsce parkingowe,brak informacji,2023,blok,nie,"internet, telefon","drzwi / okna antywłamaniowe, domofon / wideofon",pustak,pierwotny
1,536 592 zł,"47,91 m²","Mieszkanie 47,91 m2 z ogródkiem Orkana Residence",2,do wykończenia,Nieruchomość znajduje się w zaznaczonym obszarze mapy. Niestety ogłoszeniodawca nie wskazał dokładnego adresu.,"Czuby, Lublin, Lublin",51.23032,22.51856,parter/10,Zapytaj,pełna własność,"balkon, ogródek",Zapytaj,brak informacji,2022,apartamentowiec,tak,brak informacji,monitoring / ochrona,pustak,pierwotny
1,340 000 zł,"33,97 m²",Osiedle Nowy Standard | Mieszkanie B11/21,2,do wykończenia,Współrzędne dokładne,"Lublin, Ponikwoda, ul. Dożynkowa",51.278557,22.585031,3/4,Zapytaj,Zapytaj,balkon,garaż/miejsce parkingowe,brak informacji,2021,blok,tak,"telewizja kablowa, internet",brak informacji,brak informacji,pierwotny
1,460 000 zł,40 m²,"Mieszkanie oddane, Wieniawa Residence!",2,do wykończenia,Współrzędne dokładne,"Lublin, Wieniawa, ul. Głęboka",51.245019,22.52811,7/9,Zapytaj,pełna własność,balkon,garaż/miejsce parkingowe,brak informacji,2022,apartamentowiec,tak,brak informacji,monitoring / ochrona,brak informacji,pierwotny
1,307 626 zł,"38,94 m²","Mieszkanie, 38,94 m², Lublin",2,Zapytaj,Nieruchomość znajduje się w zaznaczonym obszarze mapy. Niestety ogłoszeniodawca nie wskazał dokładnego adresu.,"Dziesiąta, Lublin, Lublin",51.214884,22.591567,parter/3,250 zł,pełna własność,balkon,garaż/miejsce parkingowe,brak informacji,2022,brak informacji,nie,"internet, telefon",brak informacji,beton komórkowy,pierwotny
1,429 914 zł,"49,99 m²",Nałeczowska 177 | mieszkanie F/M1,2,do wykończenia,Współrzędne dokładne,"Lublin, Szerokie, ul. Nałęczowska",51.25458,22.495054,parter/2,Zapytaj,pełna własność,"ogródek, taras",garaż/miejsce parkingowe,brak informacji,2023,brak informacji,tak,"telewizja kablowa, internet, telefon","drzwi / okna antywłamaniowe, teren zamknięty, domofon / wideofon",brak informacji,pierwotny
1,459 000 zł,40 m²,** Bez Pcc 2% - Wieniawa Residence **,2,do wykończenia,Współrzędne dokładne,"Lublin, Wieniawa, ul. Lesława Pagi",51.24568,22.52948,7/8,Zapytaj,pełna własność,balkon,garaż/miejsce parkingowe,brak informacji,2022,blok,tak,brak informacji,domofon / wideofon,brak informacji,pierwotny
1,520 000 zł,"56,69 m²",3 pokojowe mieszkanie z możliwą antresolą Czechów,3,Zapytaj,Nieruchomość znajduje się w zaznaczonym obszarze mapy. Niestety ogłoszeniodawca nie wskazał dokładnego adresu.,"Choiny, Lublin, Lublin",51.07607,22.78827,3/3,Zapytaj,pełna własność,balkon,Zapytaj,brak informacji,2023,blok,tak,brak informacji,brak informacji,brak informacji,pierwotny
